text,reading,romanization,accepted,pos,category,meaning_vi,meaning_en,han_viet,masu,source,note
～ございます,,gozaimasu,,phrase,greetings,"có, là (thể lịch sự của ある)",to be (polite),,,jlpt-waller,
うん,,un,,interjection,greetings,ừ,yeah (casual),,,jlpt-waller,
失礼,しつれい,shitsurei,,noun,greetings,thất lễ; xin lỗi,rudeness; excuse me,Thất Lễ,,jlpt-waller,
いらっしゃる,,irassharu,,verb,greetings,"đi, đến, ở (tôn kính)","to go, come, be (honorific)",,,jlpt-waller,
致す,いたす,itasu,,verb,greetings,làm (khiêm nhường),to do (humble),Trí,,jlpt-waller,
申し上げる,もうしあげる,mōshiageru,moushiageru,verb,greetings,nói (khiêm nhường),to say (humble),Thân Thượng,,jlpt-waller,
いくら～ても,,ikuratemo,,phrase,greetings,dù ~ bao nhiêu đi nữa,no matter how much ~,,,jlpt-waller,
なさる,,nasaru,,verb,greetings,làm (tôn kính),to do (honorific),,,jlpt-waller,
お礼,おれい,orei,,noun,greetings,lời cảm ơn; quà cảm ơn,"thanks, thank-you gift",Lễ,,jlpt-waller,
頂く,いただく,itadaku,,verb,greetings,"nhận; ăn, uống (khiêm nhường)","to receive, to eat (humble)",Đính,いただきます,jlpt-waller,
挨拶,あいさつ,aisatsu,,noun,greetings,chào hỏi,greeting,Ai Tạt,,jlpt-waller,
お祝い,おいわい,oiwai,,noun,greetings,lời chúc mừng; quà mừng,"celebration, congratulations",Chúc,,jlpt-waller,
おる,,oru,,verb,greetings,"ở, có (khiêm nhường)",to be (humble),,,jlpt-waller,
申す,もうす,mōsu,mousu,verb,greetings,nói (khiêm nhường),to say (humble),Thân,,jlpt-waller,
ごらんになる,,goranninaru,,verb,greetings,xem (tôn kính),to see (honorific),,,jlpt-waller,
よろしい,,yoroshii,,adjective,greetings,"được, tốt (lịch sự)","good, all right (polite)",,,jlpt-waller,
差し上げる,さしあげる,sashiageru,,verb,greetings,"biếu, tặng (khiêm nhường)",to give (humble),Sai Thượng,,jlpt-waller,
おいでになる,,oideninaru,,verb,greetings,"đi, đến, ở (tôn kính)","to come, go, be (honorific)",,,jlpt-waller,
承知,しょうち,shōchi,shouchi,noun,greetings,"biết, hiểu, đồng ý (khiêm nhường)","consent, knowing",Thừa Tri,,jlpt-waller,
なるほど,,naruhodo,,interjection,greetings,"ra là vậy, thì ra thế",I see,,,jlpt-waller,
くださる,,kudasaru,,verb,greetings,cho (tôn kính),to give (honorific),,,jlpt-waller,
ご存じ,ごぞんじ,gozonji,,noun,greetings,biết (tôn kính),knowing (honorific),Tồn,,jlpt-waller,
あ,,a,,interjection,greetings,"a!, ồ!","ah!, oh!",,,jlpt-waller,
久しぶり,ひさしぶり,hisashiburi,,adjective,greetings,lâu rồi mới gặp,long time no see,Cửu,,jlpt-waller,
召し上がる,めしあがる,meshiagaru,,verb,greetings,"ăn, uống (tôn kính)","to eat, to drink (honorific)",Triệu Thượng,,jlpt-waller,
拝見,はいけん,haiken,,noun,greetings,xem (khiêm nhường),seeing (humble),Bái Kiến,,jlpt-waller,
おっしゃる,,ossharu,,verb,greetings,nói (tôn kính),to say (honorific),,,jlpt-waller,
参る,まいる,mairu,,verb,greetings,"đi, đến (khiêm nhường)","to go, to come (humble)",Tham,,jlpt-waller,
お陰,おかげ,okage,,noun,greetings,"nhờ vào, nhờ ơn",thanks to,,,jlpt-waller,
男性,だんせい,dansei,,noun,people,"nam giới, đàn ông","man, male",Nam Tính,,jlpt-waller,
～ちゃん,,chan,,affix,people,"bé ~ (gọi thân mật, sau tên)",suffix for children and close friends,,,jlpt-waller,
女性,じょせい,josei,,noun,people,"phụ nữ, nữ giới",woman,Nữ Tính,,jlpt-waller,
子,こ,ko,,noun,people,"đứa trẻ, con",child,Tử,,jlpt-waller,
お金持ち,おかねもち,okanemochi,,noun,people,người giàu,rich person,Kim Trì,,jlpt-waller,
～様,さま,sama,,affix,people,"ngài ~, quý ~ (kính ngữ)","Mr., Ms. (honorific)",Dạng,,jlpt-waller,
～君,くん,kun,,affix,people,bé (hậu tố sau tên bé trai),suffix for boys,Quân,,jlpt-waller,
赤ちゃん,あかちゃん,akachan,,noun,family,em bé,baby,Xích,,jlpt-waller,
親,おや,oya,,noun,family,bố mẹ,parent,Thân,,jlpt-waller,
パパ,,papa,,noun,family,bố (trẻ con gọi),papa,,,jlpt-waller,
夫,おっと,otto,,noun,family,chồng (của mình),(my) husband,Phu,,jlpt-waller,
赤ん坊,あかんぼう,akanbō,akanbou,noun,family,"em bé, trẻ sơ sinh",baby,Xích Phường,,jlpt-waller,
祖母,そぼ,sobo,,noun,family,bà (của mình),(my) grandmother,Tổ Mẫu,,jlpt-waller,
ご主人,ごしゅじん,goshujin,,noun,family,chồng (người khác),(someone's) husband,Chủ Nhân,,jlpt-waller,
お嬢さん,おじょうさん,ojōsan,ojousan,noun,family,con gái (người khác); cô gái,"(someone's) daughter, young lady",Nương,,jlpt-waller,
亡くなる,なくなる,nakunaru,,verb,family,"mất, qua đời",to pass away,Vong,,jlpt-waller,
祖父,そふ,sofu,,noun,family,ông (của mình),(my) grandfather,Tổ Phụ,,jlpt-waller,
妻,つま,tsuma,,noun,family,vợ (của mình),(my) wife,Thê,,jlpt-waller,
息子,むすこ,musuko,,noun,family,con trai (của mình),(my) son,Tức Tử,,jlpt-waller,
お子さん,おこさん,okosan,,noun,family,con (người khác),(someone's) child,Tử,,jlpt-waller,
世話,せわ,sewa,,noun,family,"chăm sóc, giúp đỡ","care, help",Thế Thoại,,jlpt-waller,
娘,むすめ,musume,,noun,family,con gái (của mình),(my) daughter,Nương,,jlpt-waller,
家内,かない,kanai,,noun,family,vợ (của mình),(my) wife,Gia Nội,,jlpt-waller,
医学,いがく,igaku,,noun,body-health,y học,medical science,Y Học,,jlpt-waller,
力,ちから,chikara,,noun,body-health,"sức lực, sức mạnh","strength, power",Lực,,jlpt-waller,
痩せる,やせる,yaseru,,verb,body-health,gầy đi,to lose weight,Sấu,,jlpt-waller,
治る,なおる,naoru,,verb,body-health,khỏi (bệnh),to get better,Trị,,jlpt-waller,
熱,ねつ,netsu,,noun,body-health,sốt,"fever, heat",Nhiệt,,jlpt-waller,
けがする,,kegasuru,,verb,body-health,bị thương,to get hurt,,,jlpt-waller,
喉,のど,nodo,,noun,body-health,cổ họng,throat,,,jlpt-waller,
血,ち,chi,,noun,body-health,máu,blood,Huyết,,jlpt-waller,
毛,け,ke,,noun,body-health,"lông, tóc","hair, fur",Mao,,jlpt-waller,
具合,ぐあい,guai,,noun,body-health,"tình trạng (sức khoẻ, máy móc)",condition,Cụ Hợp,,jlpt-waller,
髪,かみ,kami,,noun,body-health,tóc,hair,Phát,,jlpt-waller,
腕,うで,ude,,noun,body-health,cánh tay; tay nghề,arm; skill,Uyển,,jlpt-waller,
お見舞い,おみまい,omimai,,noun,body-health,thăm người ốm,visit to a sick person,Kiến Vũ,,jlpt-waller,
退院,たいいん,taiin,,noun,body-health,xuất viện,leaving hospital,Thoái Viện,,jlpt-waller,
太る,ふとる,futoru,,verb,body-health,béo lên,to gain weight,Thái,,jlpt-waller,
注射,ちゅうしゃ,chūsha,chuusha,noun,body-health,"tiêm, chích",injection,Chú Xạ,,jlpt-waller,
背中,せなか,senaka,,noun,body-health,lưng,back,Bối Trung,,jlpt-waller,
眠い,ねむい,nemui,,adjective,body-health,buồn ngủ,sleepy,Miên,,jlpt-waller,
首,くび,kubi,,noun,body-health,cổ,neck,Thủ,,jlpt-waller,
ひげ,,hige,,noun,body-health,râu,beard,,,jlpt-waller,
入院,にゅういん,nyūin,nyuuin,noun,body-health,nhập viện,hospitalization,Nhập Viện,,jlpt-waller,
指,ゆび,yubi,,noun,body-health,ngón tay,finger,Chỉ,,jlpt-waller,
怒る,おこる,okoru,,verb,feelings,nổi giận; mắng,"to get angry, to scold",Nộ,,jlpt-waller,
心配,しんぱい,shinpai,,noun,feelings,lo lắng,worry,Tâm Phối,心配します,jlpt-waller,
気,き,ki,,noun,feelings,"tâm trạng, tinh thần; khí","spirit, mind, mood",Khí,,jlpt-waller,
悲しい,かなしい,kanashii,,adjective,feelings,buồn,sad,Bi,,jlpt-waller,
残念,ざんねん,zannen,,adjective,feelings,đáng tiếc,regrettable,Tàn Niệm,,jlpt-waller,
怖い,こわい,kowai,,adjective,feelings,"sợ, đáng sợ",scary,Bố,,jlpt-waller,
恥ずかしい,はずかしい,hazukashii,,adjective,feelings,"xấu hổ, ngại",embarrassed,Sỉ,,jlpt-waller,
けんかする,,kenkasuru,,verb,feelings,cãi nhau,to quarrel,,,jlpt-waller,
頑張る,がんばる,ganbaru,,verb,feelings,cố gắng,to do one's best,Ngoan Trương,,jlpt-waller,
気分,きぶん,kibun,,noun,feelings,"tâm trạng, cảm giác","mood, feeling",Khí Phân,,jlpt-waller,
素晴らしい,すばらしい,subarashii,,adjective,feelings,tuyệt vời,wonderful,Tố Tình,,jlpt-waller,
親切,しんせつ,shinsetsu,,adjective,feelings,"tốt bụng, tử tế",kind,Thân Thiết,,jlpt-waller,
熱心,ねっしん,nesshin,,adjective,feelings,"nhiệt tình, hăng hái","eager, enthusiastic",Nhiệt Tâm,,jlpt-waller,
泣く,なく,naku,,verb,feelings,khóc,to cry,Khấp,,jlpt-waller,
驚く,おどろく,odoroku,,verb,feelings,ngạc nhiên,to be surprised,Kinh,,jlpt-waller,
心,こころ,kokoro,,noun,feelings,"trái tim, tâm hồn","heart, mind",Tâm,,jlpt-waller,
寂しい,さびしい,sabishii,,adjective,feelings,"buồn, cô đơn",lonely,Tịch,,jlpt-waller,
真面目,まじめ,majime,,adjective,feelings,"nghiêm túc, chăm chỉ","serious, diligent",Chân Diện Mục,,jlpt-waller,
喜ぶ,よろこぶ,yorokobu,,verb,feelings,vui mừng,to be glad,Hỉ,,jlpt-waller,
興味,きょうみ,kyōmi,kyoumi,noun,feelings,"hứng thú, quan tâm",interest,Hứng Vị,,jlpt-waller,
遠慮,えんりょ,enryo,,noun,feelings,"ngại, khách sáo","reserve, hesitation",Viễn Lự,,jlpt-waller,
気持ち,きもち,kimochi,,noun,feelings,"cảm giác, tâm trạng",feeling,Khí Trì,,jlpt-waller,
凄い,すごい,sugoi,,adjective,feelings,"giỏi quá, ghê quá, tuyệt vời","amazing, terrific",Thê,,jlpt-waller,
謝る,あやまる,ayamaru,,verb,feelings,xin lỗi,to apologize,Tạ,,jlpt-waller,
邪魔,じゃま,jama,,adjective,feelings,"phiền, cản trở","in the way, nuisance",Tà Ma,,jlpt-waller,
叱る,しかる,shikaru,,verb,feelings,"mắng, la",to scold,Sất,,jlpt-waller,
びっくりする,,bikkurisuru,,verb,feelings,"giật mình, ngạc nhiên",to be surprised,,,jlpt-waller,
騒ぐ,さわぐ,sawagu,,verb,feelings,"làm ồn, náo loạn",to make noise,Tao,,jlpt-waller,
笑う,わらう,warau,,verb,feelings,cười,"to laugh, to smile",Tiếu,,jlpt-waller,
褒める,ほめる,homeru,,verb,feelings,khen,to praise,Bao,,jlpt-waller,
安心,あんしん,anshin,,noun,feelings,yên tâm,"relief, peace of mind",An Tâm,,jlpt-waller,
かまう,,kamau,,verb,feelings,"bận tâm, để ý","to mind, to care",,,jlpt-waller,
優しい,やさしい,yasashii,,adjective,feelings,"hiền, dịu dàng; dễ","kind, gentle",Ưu,,jlpt-waller,
嬉しい,うれしい,ureshii,,adjective,feelings,"vui, mừng","happy, glad",,,jlpt-waller,
楽しみ,たのしみ,tanoshimi,,noun,feelings,"niềm vui, điều mong đợi","pleasure, something to look forward to",Lạc,,jlpt-waller,
苦い,にがい,nigai,,adjective,food,đắng,bitter,Khổ,,jlpt-waller,
沸く,わく,waku,,verb,food,sôi (nước),to boil,Phí,,jlpt-waller,
焼く,やく,yaku,,verb,food,nướng,"to grill, to bake",Thiêu,,jlpt-waller,
噛む,かむ,kamu,,verb,food,"cắn, nhai","to bite, to chew",,,jlpt-waller,
サンドイッチ,,sandoitchi,,noun,food,bánh mì kẹp,sandwich,,,jlpt-waller,
ぶどう,,budō,budou,noun,food,quả nho,grapes,,,jlpt-waller,
匂い,におい,nioi,,noun,food,mùi,smell,Thất,,jlpt-waller,
漬ける,つける,tsukeru,,verb,food,"ngâm, muối (dưa)","to soak, to pickle",Tí,,jlpt-waller,
サラダ,,sarada,,noun,food,sa lát,salad,,,jlpt-waller,
ステーキ,,sutēki,suteeki,noun,food,bít tết,steak,,,jlpt-waller,
食料品,しょくりょうひん,shokuryōhin,shokuryouhin,noun,food,thực phẩm,groceries,Thực Liệu Phẩm,,jlpt-waller,
味噌,みそ,miso,,noun,food,tương miso,miso,Vị Tăng,,jlpt-waller,
ジャム,,jamu,,noun,food,mứt,jam,,,jlpt-waller,
味,あじ,aji,,noun,food,"vị, mùi vị",taste,Vị,,jlpt-waller,
ごちそう,,gochisō,gochisou,noun,food,bữa thịnh soạn; chiêu đãi,"feast, treat",,,jlpt-waller,
米,こめ,kome,,noun,food,gạo,uncooked rice,Mễ,,jlpt-waller,
沸かす,わかす,wakasu,,verb,food,đun sôi,to boil (water),Phí,,jlpt-waller,
ハンバーグ,,hanbāgu,hanbaagu,noun,food,thịt băm viên kiểu Nhật (hamburg),hamburg steak,,,jlpt-waller,
空く,すく,suku,,verb,food,đói (bụng); vắng (người),"to be hungry, to be empty",Không,,jlpt-waller,
焼ける,やける,yakeru,,verb,food,được nướng; bị cháy,"to be grilled, to burn",Thiêu,,jlpt-waller,
ケーキ,,kēki,keeki,noun,food,"bánh ngọt, bánh kem",cake,,,jlpt-waller,
食事,しょくじ,shokuji,,noun,food,"bữa ăn, ăn cơm",meal,Thực Sự,食事します,jlpt-waller,
アルコール,,arukōru,arukooru,noun,food,"cồn, đồ uống có cồn",alcohol,,,jlpt-waller,
絹,きぬ,kinu,,noun,clothing,lụa,silk,Quyên,,jlpt-waller,
オーバー,,ōbā,oobaa,noun,clothing,áo khoác ngoài; quá mức,overcoat; over,,,jlpt-waller,
手袋,てぶくろ,tebukuro,,noun,clothing,găng tay,gloves,Thủ Đại,,jlpt-waller,
着物,きもの,kimono,,noun,clothing,kimono,kimono,Trước Vật,,jlpt-waller,
サンダル,,sandaru,,noun,clothing,dép xăng-đan,sandals,,,jlpt-waller,
下着,したぎ,shitagi,,noun,clothing,đồ lót,underwear,Hạ Trước,,jlpt-waller,
スーツ,,sūtsu,suutsu,noun,clothing,"bộ com-lê, vest",suit,,,jlpt-waller,
指輪,ゆびわ,yubiwa,,noun,clothing,nhẫn,ring,Chỉ Luân,,jlpt-waller,
格好,かっこう,kakkō,kakkou,noun,clothing,"dáng vẻ, bề ngoài",appearance,Cách Hảo,,jlpt-waller,
アクセサリー,,akusesarī,akusesarii,noun,clothing,"phụ kiện, trang sức",accessory,,,jlpt-waller,
糸,いと,ito,,noun,clothing,sợi chỉ,thread,Mịch,,jlpt-waller,
木綿,もめん,momen,,noun,clothing,"vải bông, cotton",cotton,Mộc Miên,,jlpt-waller,
ステレオ,,sutereo,,noun,daily-life,dàn âm thanh stereo,stereo,,,jlpt-waller,
お宅,おたく,otaku,,noun,daily-life,"nhà (người khác, lịch sự)",(someone's) house,Trạch,,jlpt-waller,
屋上,おくじょう,okujō,okujou,noun,daily-life,sân thượng,rooftop,Ốc Thượng,,jlpt-waller,
ごみ,,gomi,,noun,daily-life,rác,garbage,,,jlpt-waller,
布団,ふとん,futon,,noun,daily-life,chăn đệm futon,futon,Bố Đoàn,,jlpt-waller,
ガラス,,garasu,,noun,daily-life,"thuỷ tinh, kính",glass,,,jlpt-waller,
エスカレーター,,esukarētā,esukareetaa,noun,daily-life,thang cuốn,escalator,,,jlpt-waller,
ガス,,gasu,,noun,daily-life,"ga, khí đốt",gas,,,jlpt-waller,
～建て,だて,date,,affix,daily-life,nhà ~ tầng,~-storied (building),Kiến,,jlpt-waller,
畳,たたみ,tatami,,noun,daily-life,chiếu tatami,tatami mat,Điệp,,jlpt-waller,
故障,こしょう,koshō,koshou,noun,daily-life,hỏng hóc,breakdown,Cố Chướng,,jlpt-waller,
寝坊,ねぼう,nebō,nebou,noun,daily-life,ngủ dậy muộn,oversleeping,Tẩm Phường,,jlpt-waller,
捨てる,すてる,suteru,,verb,daily-life,"vứt, bỏ",to throw away,Xả,捨てます,jlpt-waller,
壁,かべ,kabe,,noun,daily-life,bức tường,wall,Bích,,jlpt-waller,
水道,すいどう,suidō,suidou,noun,daily-life,"nước máy, đường ống nước",water supply,Thủy Đạo,,jlpt-waller,
ベル,,beru,,noun,daily-life,cái chuông,bell,,,jlpt-waller,
スクリーン,,sukurīn,sukuriin,noun,daily-life,"màn hình, màn chiếu",screen,,,jlpt-waller,
下宿,げしゅく,geshuku,,noun,daily-life,nhà trọ,"lodging, boarding house",Hạ Túc,,jlpt-waller,
鏡,かがみ,kagami,,noun,daily-life,cái gương,mirror,Kính,,jlpt-waller,
引っ越す,ひっこす,hikkosu,,verb,daily-life,chuyển nhà,to move (house),Dẫn Việt,,jlpt-waller,
冷房,れいぼう,reibō,reibou,noun,daily-life,"máy lạnh, điều hoà (làm lạnh)",air conditioning,Lãnh Phòng,,jlpt-waller,
片付ける,かたづける,katazukeru,,verb,daily-life,"dọn dẹp, cất gọn","to tidy up, to put away",Phiến Phó,,jlpt-waller,
押し入れ,おしいれ,oshiire,,noun,daily-life,tủ âm tường (để chăn đệm),closet,Áp Nhập,,jlpt-waller,
電灯,でんとう,dentō,dentou,noun,daily-life,đèn điện,electric light,Điện Đăng,,jlpt-waller,
引き出し,ひきだし,hikidashi,,noun,daily-life,ngăn kéo,drawer,Dẫn Xuất,,jlpt-waller,
道具,どうぐ,dōgu,dougu,noun,daily-life,"dụng cụ, công cụ",tool,Đạo Cụ,,jlpt-waller,
忘れ物,わすれもの,wasuremono,,noun,daily-life,đồ bỏ quên,something left behind,Vong Vật,,jlpt-waller,
暖房,だんぼう,danbō,danbou,noun,daily-life,"máy sưởi, sưởi ấm",heating,Noãn Phòng,,jlpt-waller,
留守,るす,rusu,,noun,daily-life,vắng nhà,absence (from home),Lưu Thủ,,jlpt-waller,
カーテン,,kāten,kaaten,noun,daily-life,rèm cửa,curtain,,,jlpt-waller,
汚れる,よごれる,yogoreru,,verb,daily-life,bị bẩn,to get dirty,Ô,,jlpt-waller,
湯,ゆ,yu,,noun,daily-life,nước nóng,hot water,Thang,,jlpt-waller,
生活,せいかつ,seikatsu,,noun,daily-life,"cuộc sống, sinh hoạt","life, living",Sinh Hoạt,,jlpt-waller,
棚,たな,tana,,noun,daily-life,"cái giá, kệ",shelf,Bằng,,jlpt-waller,
～区,く,ku,,counter,places,quận ~,"~ ward, ~ district",Khu,,jlpt-waller,
床屋,とこや,tokoya,,noun,places,tiệm cắt tóc,barber shop,Sàng Ốc,,jlpt-waller,
郊外,こうがい,kōgai,kougai,noun,places,ngoại ô,suburbs,Giao Ngoại,,jlpt-waller,
動物園,どうぶつえん,dōbutsuen,doubutsuen,noun,places,vườn thú,zoo,Động Vật Viên,,jlpt-waller,
ビル,,biru,,noun,places,toà nhà cao tầng,building,,,jlpt-waller,
美術館,びじゅつかん,bijutsukan,,noun,places,bảo tàng mỹ thuật,art museum,Mỹ Thuật Quán,,jlpt-waller,
場所,ばしょ,basho,,noun,places,"địa điểm, chỗ",place,Trường Sở,,jlpt-waller,
受付,うけつけ,uketsuke,,noun,places,quầy tiếp tân,reception desk,Thụ Phó,,jlpt-waller,
教会,きょうかい,kyōkai,kyoukai,noun,places,nhà thờ,church,Giáo Hội,,jlpt-waller,
市,し,shi,,noun,places,thành phố,city,Thị,,jlpt-waller,
都,と,to,,noun,places,thủ đô; thành phố (Tokyo),metropolis,Đô,,jlpt-waller,
田舎,いなか,inaka,,noun,places,"nông thôn, quê",countryside,Điền Xá,,jlpt-waller,
寺,てら,tera,,noun,places,chùa,temple,Tự,,jlpt-waller,
会場,かいじょう,kaijō,kaijou,noun,places,"hội trường, địa điểm tổ chức",venue,Hội Trường,,jlpt-waller,
近所,きんじょ,kinjo,,noun,places,"hàng xóm, khu lân cận",neighborhood,Cận Sở,,jlpt-waller,
～町,ちょう,chō,chou,affix,places,"thị trấn ~, phường ~",the town of ~,Đinh,,jlpt-waller,
神社,じんじゃ,jinja,,noun,places,đền thờ Thần đạo,Shinto shrine,Thần Xã,,jlpt-waller,
ガソリン,,gasorin,,noun,transportation,xăng,gasoline,,,jlpt-waller,
オートバイ,,ōtobai,ootobai,noun,transportation,xe máy,motorcycle,,,jlpt-waller,
通る,とおる,tōru,tooru,verb,transportation,"đi qua, chạy qua",to pass through,Thông,,jlpt-waller,
止める,とめる,tomeru,,verb,transportation,"dừng (xe, máy)",to stop (something),Chỉ,止めます,jlpt-waller,
飛行場,ひこうじょう,hikōjō,hikoujou,noun,transportation,sân bay,"airfield, airport",Phi Hành Trường,,jlpt-waller,
運転,うんてん,unten,,noun,transportation,lái xe,driving,Vận Chuyển,運転します,jlpt-waller,
旅館,りょかん,ryokan,,noun,transportation,nhà trọ kiểu Nhật,Japanese inn,Lữ Quán,,jlpt-waller,
乗り物,のりもの,norimono,,noun,transportation,phương tiện giao thông,vehicle,Thừa Vật,,jlpt-waller,
案内,あんない,annai,,noun,transportation,hướng dẫn,guidance,Án Nội,案内します,jlpt-waller,
泊まる,とまる,tomaru,,verb,transportation,"trọ, ở lại qua đêm",to stay overnight,Bạc,泊まります,jlpt-waller,
交通,こうつう,kōtsū,koutsuu,noun,transportation,giao thông,traffic,Giao Thông,,jlpt-waller,
急行,きゅうこう,kyūkō,kyuukou,noun,transportation,tàu tốc hành,express (train),Cấp Hành,,jlpt-waller,
空港,くうこう,kūkō,kuukou,noun,transportation,sân bay,airport,Không Cảng,,jlpt-waller,
港,みなと,minato,,noun,transportation,bến cảng,"port, harbor",Cảng,,jlpt-waller,
予約,よやく,yoyaku,,noun,transportation,đặt trước,reservation,Dự Ước,,jlpt-waller,
通り,とおり,tōri,toori,noun,transportation,"đường phố, đại lộ","street, avenue",Thông,,jlpt-waller,
特急,とっきゅう,tokkyū,tokkyuu,noun,transportation,tàu tốc hành đặc biệt,limited express,Đặc Cấp,,jlpt-waller,
帰り,かえり,kaeri,,noun,transportation,"lúc về, đường về","return, way back",Quy,,jlpt-waller,
駐車場,ちゅうしゃじょう,chūshajō,chuushajou,noun,transportation,bãi đỗ xe,parking lot,Trú Xa Trường,,jlpt-waller,
席,せき,seki,,noun,transportation,chỗ ngồi,seat,Tịch,,jlpt-waller,
汽車,きしゃ,kisha,,noun,transportation,tàu hoả (chạy hơi nước),steam train,Khí Xa,,jlpt-waller,
遅れる,おくれる,okureru,,verb,transportation,"muộn, trễ",to be late,Trì,,jlpt-waller,
出発,しゅっぱつ,shuppatsu,,noun,transportation,"xuất phát, khởi hành",departure,Xuất Phát,,jlpt-waller,
スーツケース,,sūtsukēsu,suutsukeesu,noun,transportation,va li,suitcase,,,jlpt-waller,
舟,ふね,fune,,noun,transportation,con thuyền,boat,Chu,,jlpt-waller,
込む,こむ,komu,,verb,transportation,đông đúc,to be crowded,Nhập,,jlpt-waller,
乗り換える,のりかえる,norikaeru,,verb,transportation,chuyển tàu,to change (trains),Thừa Hoán,乗り換えます,jlpt-waller,
ガソリンスタンド,,gasorinsutando,,noun,transportation,cây xăng,gas station,,,jlpt-waller,
売り場,うりば,uriba,,noun,shopping,quầy bán hàng,sales counter,Mại Trường,,jlpt-waller,
贈り物,おくりもの,okurimono,,noun,shopping,quà tặng,gift,Tặng Vật,,jlpt-waller,
～製,せい,sei,,affix,shopping,"sản xuất tại ~, làm bằng ~","made in ~, made of ~",Chế,,jlpt-waller,
品物,しなもの,shinamono,,noun,shopping,"hàng hoá, đồ",goods,Phẩm Vật,,jlpt-waller,
客,きゃく,kyaku,,noun,shopping,khách,"guest, customer",Khách,,jlpt-waller,
お土産,おみやげ,omiyage,,noun,shopping,quà (đi xa mang về),souvenir,Thổ Sản,,jlpt-waller,
おつり,,otsuri,,noun,shopping,tiền thối lại,change (money),,,jlpt-waller,
レジ,,reji,,noun,shopping,quầy thu ngân,cash register,,,jlpt-waller,
プレゼント,,purezento,,noun,shopping,quà tặng,present,,,jlpt-waller,
値段,ねだん,nedan,,noun,shopping,giá cả,price,Trị Đoạn,,jlpt-waller,
払う,はらう,harau,,verb,shopping,trả (tiền),to pay,Phất,払います,jlpt-waller,
スーパー,,sūpā,suupaa,noun,shopping,siêu thị,supermarket,,,jlpt-waller,
テキスト,,tekisuto,,noun,school,"giáo trình, sách giáo khoa",textbook,,,jlpt-waller,
大学生,だいがくせい,daigakusei,,noun,school,sinh viên đại học,university student,Đại Học Sinh,,jlpt-waller,
予習,よしゅう,yoshū,yoshuu,noun,school,chuẩn bị bài trước,lesson preparation,Dự Tập,,jlpt-waller,
点,てん,ten,,noun,school,"điểm, điểm số; dấu chấm","point, score",Điểm,,jlpt-waller,
～学部,がくぶ,gakubu,,affix,school,khoa ~ (đại học),faculty of ~,Học Bộ,,jlpt-waller,
中学校,ちゅうがっこう,chūgakkō,chuugakkou,noun,school,trường trung học cơ sở,junior high school,Trung Học Hiệu,,jlpt-waller,
出席,しゅっせき,shusseki,,noun,school,"có mặt, tham dự",attendance,Xuất Tịch,,jlpt-waller,
地理,ちり,chiri,,noun,school,địa lý,geography,Địa Lý,,jlpt-waller,
受ける,うける,ukeru,,verb,school,"thi, dự (kỳ thi); nhận","to take (an exam), to receive",Thụ,,jlpt-waller,
小学校,しょうがっこう,shōgakkō,shougakkou,noun,school,trường tiểu học,elementary school,Tiểu Học Hiệu,,jlpt-waller,
文法,ぶんぽう,bunpō,bunpou,noun,school,ngữ pháp,grammar,Văn Pháp,,jlpt-waller,
辞典,じてん,jiten,,noun,school,từ điển,dictionary,Từ Điển,,jlpt-waller,
答,こたえ,kotae,,noun,school,"câu trả lời, đáp án",answer,Đáp,,jlpt-waller,
消しゴム,けしゴム,keshigomu,,noun,school,cục tẩy,eraser,Tiêu,,jlpt-waller,
試験,しけん,shiken,,noun,school,"kỳ thi, bài thi",exam,Thí Nghiệm,,jlpt-waller,
校長,こうちょう,kōchō,kouchou,noun,school,hiệu trưởng,principal,Hiệu Trưởng,,jlpt-waller,
入学,にゅうがく,nyūgaku,nyuugaku,noun,school,nhập học,entering a school,Nhập Học,,jlpt-waller,
教育,きょういく,kyōiku,kyouiku,noun,school,giáo dục,education,Giáo Dục,,jlpt-waller,
歴史,れきし,rekishi,,noun,school,lịch sử,history,Lịch Sử,,jlpt-waller,
講堂,こうどう,kōdō,koudou,noun,school,"hội trường, giảng đường",auditorium,Giảng Đường,,jlpt-waller,
卒業,そつぎょう,sotsugyō,sotsugyou,noun,school,tốt nghiệp,graduation,Tốt Nghiệp,,jlpt-waller,
専門,せんもん,senmon,,noun,school,"chuyên môn, chuyên ngành","specialty, major",Chuyên Môn,,jlpt-waller,
高校生,こうこうせい,kōkōsei,koukousei,noun,school,học sinh cấp 3,high school student,Cao Hiệu Sinh,,jlpt-waller,
講義,こうぎ,kōgi,kougi,noun,school,bài giảng,lecture,Giảng Nghĩa,,jlpt-waller,
高校,こうこう,kōkō,koukou,noun,school,trường trung học phổ thông,high school,Cao Hiệu,,jlpt-waller,
先輩,せんぱい,senpai,,noun,school,"đàn anh, đàn chị",senior,Tiên Bối,,jlpt-waller,
数学,すうがく,sūgaku,suugaku,noun,school,môn toán,mathematics,Số Học,,jlpt-waller,
研究室,けんきゅうしつ,kenkyūshitsu,kenkyuushitsu,noun,school,phòng nghiên cứu,laboratory,Nghiên Cứu Thất,,jlpt-waller,
復習,ふくしゅう,fukushū,fukushuu,noun,school,ôn tập,review (of lessons),Phục Tập,,jlpt-waller,
研究,けんきゅう,kenkyū,kenkyuu,noun,school,nghiên cứu,research,Nghiên Cứu,,jlpt-waller,
運転手,うんてんしゅ,untenshu,,noun,work,tài xế,driver,Vận Chuyển Thủ,,jlpt-waller,
レポート,,repōto,repooto,noun,work,báo cáo,report,,,jlpt-waller,
課長,かちょう,kachō,kachou,noun,work,trưởng phòng,section chief,Khoá Trưởng,,jlpt-waller,
アルバイト,,arubaito,,noun,work,việc làm thêm,part-time job,,,jlpt-waller,
パート,,pāto,paato,noun,work,làm bán thời gian,part-time work,,,jlpt-waller,
～家,か,ka,,affix,work,nhà ~ (chuyên gia),~ specialist (-ist),Gia,,jlpt-waller,
社長,しゃちょう,shachō,shachou,noun,work,giám đốc,company president,Xã Trưởng,,jlpt-waller,
会議室,かいぎしつ,kaigishitsu,,noun,work,phòng họp,meeting room,Hội Nghị Thất,,jlpt-waller,
用事,ようじ,yōji,youji,noun,work,"việc bận, công chuyện","errand, things to do",Dụng Sự,,jlpt-waller,
事務所,じむしょ,jimusho,,noun,work,văn phòng,office,Sự Vụ Sở,,jlpt-waller,
歯医者,はいしゃ,haisha,,noun,work,nha sĩ,dentist,Xỉ Y Giả,,jlpt-waller,
～員,いん,in,,affix,work,"nhân viên ~, thành viên ~","member of ~, staff",Viên,,jlpt-waller,
用,よう,yō,you,noun,work,"việc bận, công chuyện","errand, business",Dụng,,jlpt-waller,
公務員,こうむいん,kōmuin,koumuin,noun,work,công chức,civil servant,Công Vụ Viên,,jlpt-waller,
アナウンサー,,anaunsā,anaunsaa,noun,work,phát thanh viên,announcer,,,jlpt-waller,
貿易,ぼうえき,bōeki,boueki,noun,work,"mậu dịch, thương mại",trade,Mậu Dịch,,jlpt-waller,
店員,てんいん,ten'in,tenin,noun,work,nhân viên bán hàng,shop clerk,Điếm Viên,,jlpt-waller,
部長,ぶちょう,buchō,buchou,noun,work,"trưởng phòng, trưởng ban",department manager,Bộ Trưởng,,jlpt-waller,
生産,せいさん,seisan,,noun,work,sản xuất,production,Sinh Sản,,jlpt-waller,
計画,けいかく,keikaku,,noun,work,kế hoạch,plan,Kế Họa,,jlpt-waller,
輸入,ゆにゅう,yunyū,yunyuu,noun,work,nhập khẩu,import,Thâu Nhập,,jlpt-waller,
産業,さんぎょう,sangyō,sangyou,noun,work,"công nghiệp, ngành sản xuất",industry,Sản Nghiệp,,jlpt-waller,
工業,こうぎょう,kōgyō,kougyou,noun,work,công nghiệp,industry,Công Nghiệp,,jlpt-waller,
工場,こうじょう,kōjō,koujou,noun,work,nhà máy,factory,Công Trường,,jlpt-waller,
経験,けいけん,keiken,,noun,work,kinh nghiệm,experience,Kinh Nghiệm,,jlpt-waller,
看護婦,かんごふ,kangofu,,noun,work,y tá,nurse,Khán Hộ Phụ,,jlpt-waller,
会議,かいぎ,kaigi,,noun,work,cuộc họp,"meeting, conference",Hội Nghị,,jlpt-waller,
輸出,ゆしゅつ,yushutsu,,noun,work,xuất khẩu,export,Thâu Xuất,,jlpt-waller,
漫画,まんが,manga,,noun,hobbies,"truyện tranh, manga","comic, manga",Mạn Họa,,jlpt-waller,
運動,うんどう,undō,undou,noun,hobbies,"vận động, tập thể dục",exercise,Vận Động,,jlpt-waller,
小説,しょうせつ,shōsetsu,shousetsu,noun,hobbies,tiểu thuyết,novel,Tiểu Thuyết,,jlpt-waller,
人形,にんぎょう,ningyō,ningyou,noun,hobbies,búp bê,doll,Nhân Hình,,jlpt-waller,
投げる,なげる,nageru,,verb,hobbies,ném,to throw,Đầu,,jlpt-waller,
柔道,じゅうどう,jūdō,juudou,noun,hobbies,võ judo,judo,Nhu Đạo,,jlpt-waller,
試合,しあい,shiai,,noun,hobbies,trận đấu,"match, game",Thí Hợp,,jlpt-waller,
お祭り,おまつり,omatsuri,,noun,hobbies,lễ hội,festival,Tế,,jlpt-waller,
踊る,おどる,odoru,,verb,hobbies,"nhảy, múa",to dance,Dũng,,jlpt-waller,
楽しむ,たのしむ,tanoshimu,,verb,hobbies,"tận hưởng, vui thú",to enjoy,Lạc,,jlpt-waller,
踊り,おどり,odori,,noun,hobbies,"điệu nhảy, điệu múa",dance,Dũng,,jlpt-waller,
おもちゃ,,omocha,,noun,hobbies,đồ chơi,toy,,,jlpt-waller,
釣る,つる,tsuru,,verb,hobbies,câu (cá),to fish,Điếu,,jlpt-waller,
夢,ゆめ,yume,,noun,hobbies,giấc mơ; ước mơ,dream,Mộng,,jlpt-waller,
遊び,あそび,asobi,,noun,hobbies,"trò chơi, việc vui chơi","play, fun",Du,,jlpt-waller,
負ける,まける,makeru,,verb,hobbies,thua,to lose (a game),Phụ,負けます,jlpt-waller,
日記,にっき,nikki,,noun,hobbies,nhật ký,diary,Nhật Kí,,jlpt-waller,
文学,ぶんがく,bungaku,,noun,hobbies,văn học,literature,Văn Học,,jlpt-waller,
展覧会,てんらんかい,tenrankai,,noun,hobbies,triển lãm,exhibition,Triển Lãm Hội,,jlpt-waller,
コンサート,,konsāto,konsaato,noun,hobbies,buổi hòa nhạc,concert,,,jlpt-waller,
水泳,すいえい,suiei,,noun,hobbies,bơi lội,swimming,Thủy Vịnh,,jlpt-waller,
勝つ,かつ,katsu,,verb,hobbies,thắng,to win,Thắng,勝ちます,jlpt-waller,
花見,はなみ,hanami,,noun,hobbies,ngắm hoa (anh đào),cherry blossom viewing,Hoa Kiến,,jlpt-waller,
見物,けんぶつ,kenbutsu,,noun,hobbies,"tham quan, đi xem",sightseeing,Kiến Vật,,jlpt-waller,
テニス,,tenisu,,noun,hobbies,quần vợt,tennis,,,jlpt-waller,
ピアノ,,piano,,noun,hobbies,đàn piano,piano,,,jlpt-waller,
趣味,しゅみ,shumi,,noun,hobbies,sở thích,hobby,Thú Vị,,jlpt-waller,
意見,いけん,iken,,noun,communication,ý kiến,opinion,Ý Kiến,,jlpt-waller,
伺う,うかがう,ukagau,,verb,communication,hỏi; đến thăm (khiêm nhường),"to ask, to visit (humble)",Tứ,,jlpt-waller,
聞こえる,きこえる,kikoeru,,verb,communication,"nghe thấy, nghe được",to be heard,Văn,,jlpt-waller,
発音,はつおん,hatsuon,,noun,communication,phát âm,pronunciation,Phát Âm,,jlpt-waller,
嘘,うそ,uso,,noun,communication,lời nói dối,lie,,,jlpt-waller,
住所,じゅうしょ,jūsho,juusho,noun,communication,địa chỉ,address,Trú Sở,,jlpt-waller,
連絡,れんらく,renraku,,noun,communication,liên lạc,contact,Liên Lạc,,jlpt-waller,
知らせる,しらせる,shiraseru,,verb,communication,"thông báo, cho biết",to inform,Tri,,jlpt-waller,
会話,かいわ,kaiwa,,noun,communication,hội thoại,conversation,Hội Thoại,,jlpt-waller,
返事,へんじ,henji,,noun,communication,"trả lời, hồi âm",reply,Phản Sự,,jlpt-waller,
伝える,つたえる,tsutaeru,,verb,communication,"truyền đạt, nhắn lại","to tell, to convey",Truyền,,jlpt-waller,
説明,せつめい,setsumei,,noun,communication,giải thích,explanation,Thuyết Minh,,jlpt-waller,
尋ねる,たずねる,tazuneru,,verb,communication,hỏi,to ask,Tầm,,jlpt-waller,
放送,ほうそう,hōsō,housou,noun,communication,phát sóng,broadcast,Phóng Tống,,jlpt-waller,
ファックス,,fakkusu,,noun,communication,máy fax,fax,,,jlpt-waller,
字,じ,ji,,noun,communication,chữ,"letter, character",Tự,,jlpt-waller,
新聞社,しんぶんしゃ,shinbunsha,,noun,communication,toà soạn báo,newspaper company,Tân Văn Xã,,jlpt-waller,
紹介,しょうかい,shōkai,shoukai,noun,communication,giới thiệu,introduction,Thiệu Giới,,jlpt-waller,
相談,そうだん,sōdan,soudan,noun,communication,"bàn bạc, thảo luận, xin ý kiến",consultation,Tương Đàm,,jlpt-waller,
翻訳,ほんやく,hon'yaku,honyaku,noun,communication,"biên dịch, dịch thuật",translation,Phiên Dịch,,jlpt-waller,
番組,ばんぐみ,bangumi,,noun,communication,"chương trình (tivi, radio)",program,Phiên Tổ,,jlpt-waller,
電報,でんぽう,denpō,denpou,noun,communication,điện báo,telegram,Điện Báo,,jlpt-waller,
止む,やむ,yamu,,verb,nature,"tạnh, dừng (mưa, gió)","to stop (rain, wind)",Chỉ,,jlpt-waller,
台風,たいふう,taifū,taifuu,noun,nature,bão,typhoon,Đài Phong,,jlpt-waller,
葉,は,ha,,noun,nature,lá cây,leaf,Diệp,,jlpt-waller,
地震,じしん,jishin,,noun,nature,động đất,earthquake,Địa Chấn,,jlpt-waller,
月,つき,tsuki,,noun,nature,mặt trăng,moon,Nguyệt,,jlpt-waller,
季節,きせつ,kisetsu,,noun,nature,mùa,season,Quý Tiết,,jlpt-waller,
星,ほし,hoshi,,noun,nature,ngôi sao,star,Tinh,,jlpt-waller,
林,はやし,hayashi,,noun,nature,"rừng thưa, lùm cây",woods,Lâm,,jlpt-waller,
光る,ひかる,hikaru,,verb,nature,"chiếu sáng, lấp lánh",to shine,Quang,,jlpt-waller,
雲,くも,kumo,,noun,nature,mây,cloud,Vân,,jlpt-waller,
坂,さか,saka,,noun,nature,con dốc,slope,Phản,,jlpt-waller,
景色,けしき,keshiki,,noun,nature,phong cảnh,scenery,Cảnh Sắc,,jlpt-waller,
森,もり,mori,,noun,nature,rừng,forest,Sâm,,jlpt-waller,
乾く,かわく,kawaku,,verb,nature,khô,to dry,Can,,jlpt-waller,
石,いし,ishi,,noun,nature,hòn đá,stone,Thạch,,jlpt-waller,
海岸,かいがん,kaigan,,noun,nature,bờ biển,coast,Hải Ngạn,,jlpt-waller,
火,ひ,hi,,noun,nature,lửa,fire,Hỏa,,jlpt-waller,
空気,くうき,kūki,kuuki,noun,nature,không khí,air,Không Khí,,jlpt-waller,
音,おと,oto,,noun,nature,âm thanh,sound,Âm,,jlpt-waller,
島,しま,shima,,noun,nature,hòn đảo,island,Đảo,,jlpt-waller,
天気予報,てんきよほう,tenkiyohō,tenkiyohou,noun,nature,dự báo thời tiết,weather forecast,Thiên Khí Dự Báo,,jlpt-waller,
枝,えだ,eda,,noun,nature,cành cây,branch,Chi,,jlpt-waller,
光,ひかり,hikari,,noun,nature,ánh sáng,light,Quang,,jlpt-waller,
冷える,ひえる,hieru,,verb,nature,"lạnh đi, trở lạnh",to get cold,Lãnh,,jlpt-waller,
濡れる,ぬれる,nureru,,verb,nature,bị ướt,to get wet,Nhu,,jlpt-waller,
植える,うえる,ueru,,verb,nature,trồng (cây),to plant,Thực,,jlpt-waller,
砂,すな,suna,,noun,nature,cát,sand,Sa,,jlpt-waller,
草,くさ,kusa,,noun,nature,cỏ,grass,Thảo,,jlpt-waller,
湖,みずうみ,mizūmi,mizuumi,noun,nature,hồ,lake,Hồ,,jlpt-waller,
小鳥,ことり,kotori,,noun,animals,chim nhỏ,small bird,Tiểu Điểu,,jlpt-waller,
虫,むし,mushi,,noun,animals,"côn trùng, sâu bọ",insect,Trùng,,jlpt-waller,
盗む,ぬすむ,nusumu,,verb,society,"ăn trộm, lấy cắp",to steal,Đạo,,jlpt-waller,
～会,かい,kai,,affix,society,"hội ~, buổi ~","~ meeting, ~ party",Hội,,jlpt-waller,
規則,きそく,kisoku,,noun,society,"quy tắc, nội quy",rule,Quy Tắc,,jlpt-waller,
泥棒,どろぼう,dorobō,dorobou,noun,society,kẻ trộm,thief,Nê Bổng,,jlpt-waller,
人口,じんこう,jinkō,jinkou,noun,society,dân số,population,Nhân Khẩu,,jlpt-waller,
祈る,いのる,inoru,,verb,society,cầu nguyện,to pray,Kỳ,,jlpt-waller,
～式,しき,shiki,,affix,society,lễ ~; kiểu ~,"~ ceremony, ~ style",Thức,,jlpt-waller,
戦争,せんそう,sensō,sensou,noun,society,chiến tranh,war,Chiến Tranh,,jlpt-waller,
事故,じこ,jiko,,noun,society,"tai nạn, sự cố",accident,Sự Cố,,jlpt-waller,
招待,しょうたい,shōtai,shoutai,noun,society,lời mời,invitation,Chiêu Đãi,,jlpt-waller,
法律,ほうりつ,hōritsu,houritsu,noun,society,pháp luật,law,Pháp Luật,,jlpt-waller,
反対,はんたい,hantai,,noun,society,phản đối; ngược lại,"opposition, opposite",Phản Đối,,jlpt-waller,
火事,かじ,kaji,,noun,society,"hoả hoạn, đám cháy",fire (accident),Hỏa Sự,,jlpt-waller,
国際,こくさい,kokusai,,noun,society,quốc tế,international,Quốc Tế,,jlpt-waller,
経済,けいざい,keizai,,noun,society,kinh tế,economy,Kinh Tế,,jlpt-waller,
政治,せいじ,seiji,,noun,society,chính trị,politics,Chính Trị,,jlpt-waller,
市民,しみん,shimin,,noun,society,"thị dân, công dân",citizen,Thị Dân,,jlpt-waller,
約束,やくそく,yakusoku,,noun,society,"lời hứa, cuộc hẹn","promise, appointment",Ước Thúc,,jlpt-waller,
文化,ぶんか,bunka,,noun,society,văn hoá,culture,Văn Hóa,,jlpt-waller,
習慣,しゅうかん,shūkan,shuukan,noun,society,"tập quán, thói quen","custom, habit",Tập Quán,,jlpt-waller,
いじめる,,ijimeru,,verb,society,bắt nạt,to bully,,,jlpt-waller,
自由,じゆう,jiyū,jiyuu,noun,society,tự do,freedom,Tự Do,,jlpt-waller,
警察,けいさつ,keisatsu,,noun,society,cảnh sát,police,Cảnh Sát,,jlpt-waller,
競争,きょうそう,kyōsō,kyousou,noun,society,cạnh tranh,competition,Cạnh Tranh,,jlpt-waller,
すり,,suri,,noun,society,kẻ móc túi,pickpocket,,,jlpt-waller,
社会,しゃかい,shakai,,noun,society,xã hội,society,Xã Hội,,jlpt-waller,
技術,ぎじゅつ,gijutsu,,noun,science-tech,"kỹ thuật, công nghệ","technology, skill",Kỹ Thuật,,jlpt-waller,
ワープロ,,wāpuro,waapuro,noun,science-tech,máy xử lý văn bản,word processor,,,jlpt-waller,
科学,かがく,kagaku,,noun,science-tech,khoa học,science,Khoa Học,,jlpt-waller,
パソコン,,pasokon,,noun,science-tech,máy tính cá nhân,personal computer,,,jlpt-waller,
コンピュータ,,konpyūta,konpyuuta,noun,science-tech,máy vi tính,computer,,,jlpt-waller,
ソフト,,sofuto,,noun,science-tech,phần mềm; mềm,software; soft,,,jlpt-waller,
アフリカ,,afurika,,noun,countries,châu Phi,Africa,,,jlpt-waller,
西洋,せいよう,seiyō,seiyou,noun,countries,phương Tây,the West,Tây Dương,,jlpt-waller,
世界,せかい,sekai,,noun,countries,thế giới,world,Thế Giới,,jlpt-waller,
アメリカ,,amerika,,noun,countries,nước Mỹ,America,,,jlpt-waller,
アジア,,ajia,,noun,countries,châu Á,Asia,,,jlpt-waller,
～月,つき,tsuki,,counter,time,~ tháng,~ months,Nguyệt,,jlpt-waller,
正月,しょうがつ,shōgatsu,shougatsu,noun,time,"Tết, năm mới",New Year,Chính Nguyệt,,jlpt-waller,
今度,こんど,kondo,,noun,time,lần này; lần tới,"this time, next time",Kim Độ,,jlpt-waller,
日,ひ,hi,,noun,time,ngày; mặt trời,"day, sun",Nhật,,jlpt-waller,
過ぎる,すぎる,sugiru,,verb,time,"quá, vượt quá; trôi qua","to pass, to exceed",Quá,,jlpt-waller,
時代,じだい,jidai,,noun,time,thời đại,"era, period",Thời Đại,,jlpt-waller,
さっき,,sakki,,adverb,time,"lúc nãy, vừa nãy",a moment ago,,,jlpt-waller,
再来月,さらいげつ,saraigetsu,,noun,time,tháng sau nữa,the month after next,Tái Lai Nguyệt,,jlpt-waller,
昔,むかし,mukashi,,noun,time,ngày xưa,the old days,Tích,,jlpt-waller,
終わり,おわり,owari,,noun,time,"kết thúc, phần cuối",end,Chung,,jlpt-waller,
予定,よてい,yotei,,noun,time,"dự định, kế hoạch","plan, schedule",Dự Định,,jlpt-waller,
今夜,こんや,kon'ya,konya,noun,time,tối nay,tonight,Kim Dạ,,jlpt-waller,
都合,つごう,tsugō,tsugou,noun,time,"sự thuận tiện, hoàn cảnh","convenience, circumstances",Đô Hợp,,jlpt-waller,
暮れる,くれる,kureru,,verb,time,(trời) tối dần; kết thúc (năm),"to get dark, to come to an end",Mộ,,jlpt-waller,
昼間,ひるま,hiruma,,noun,time,ban ngày,daytime,Trú Gian,,jlpt-waller,
再来週,さらいしゅう,saraishū,saraishuu,noun,time,tuần sau nữa,the week after next,Tái Lai Chu,,jlpt-waller,
最近,さいきん,saikin,,noun,time,gần đây,recently,Tối Cận,,jlpt-waller,
しばらく,,shibaraku,,adverb,time,"một lúc, một thời gian",for a while,,,jlpt-waller,
そろそろ,,sorosoro,,adverb,time,"sắp, sắp đến lúc","soon, it's about time",,,jlpt-waller,
昼休み,ひるやすみ,hiruyasumi,,noun,time,nghỉ trưa,lunch break,Trú Hưu,,jlpt-waller,
～代,だい,dai,,affix,time,thế hệ ~; tiền ~,~ generation; ~ charge,Đại,,jlpt-waller,
最後,さいご,saigo,,noun,time,cuối cùng,"last, end",Tối Hậu,,jlpt-waller,
～おき,,oki,,affix,time,cách ~ một lần,every other ~,,,jlpt-waller,
最初,さいしょ,saisho,,noun,time,"đầu tiên, lúc đầu","first, beginning",Tối Sơ,,jlpt-waller,
将来,しょうらい,shōrai,shourai,noun,time,tương lai,future,Tương Lai,,jlpt-waller,
この間,このあいだ,konoaida,,noun,time,"hôm nọ, dạo trước",the other day,Gian,,jlpt-waller,
明日,あす,asu,,noun,time,ngày mai (trang trọng),tomorrow (formal),Minh Nhật,,jlpt-waller,
間に合う,まにあう,maniau,,verb,time,kịp giờ,to be in time,Gian Hợp,,jlpt-waller,
もうすぐ,,mōsugu,mousugu,adverb,time,sắp sửa,soon,,,jlpt-waller,
この頃,このごろ,konogoro,,noun,time,dạo này,these days,Khoảnh,,jlpt-waller,
途中,とちゅう,tochū,tochuu,noun,time,"giữa đường, giữa chừng","on the way, midway",Đồ Trung,,jlpt-waller,
これから,,korekara,,adverb,time,"từ bây giờ, sau đây",from now on,,,jlpt-waller,
～軒,けん,ken,,counter,numbers,~ căn nhà,counter for houses,Hiên,,jlpt-waller,
倍,ばい,bai,,noun,numbers,gấp đôi; lần (gấp ~),"double, ~ times",Bội,,jlpt-waller,
一度,いちど,ichido,,noun,numbers,một lần,once,Nhất Độ,,jlpt-waller,
増える,ふえる,fueru,,verb,numbers,tăng lên,to increase,Tăng,,jlpt-waller,
以下,いか,ika,,noun,numbers,"dưới ~, từ ~ trở xuống","below, less than",Dĩ Hạ,,jlpt-waller,
以内,いない,inai,,noun,numbers,trong vòng ~,within,Dĩ Nội,,jlpt-waller,
足す,たす,tasu,,verb,numbers,"cộng, thêm vào",to add,Túc,,jlpt-waller,
一杯,いっぱい,ippai,,noun,numbers,"đầy; một cốc, một bát",full; a cupful,Nhất Bôi,,jlpt-waller,
以外,いがい,igai,,noun,numbers,ngoài ~ ra,"except, other than",Dĩ Ngoại,,jlpt-waller,
十分,じゅうぶん,jūbun,juubun,adjective,numbers,"đủ, đầy đủ",enough,Thập Phân,,jlpt-waller,
以上,いじょう,ijō,ijou,noun,numbers,"trên ~, từ ~ trở lên; hết",more than; that's all,Dĩ Thượng,,jlpt-waller,
割合,わりあい,wariai,,noun,numbers,tỉ lệ; tương đối,ratio; comparatively,Cát Hợp,,jlpt-waller,
億,おく,oku,,numeral,numbers,một trăm triệu,hundred million,Ức,,jlpt-waller,
程,ほど,hodo,,noun,numbers,"mức độ, khoảng","extent, about",Trình,,jlpt-waller,
両方,りょうほう,ryōhō,ryouhou,noun,numbers,cả hai,both,Lưỡng Phương,,jlpt-waller,
～目,め,me,,affix,numbers,thứ ~,-th (order),Mục,,jlpt-waller,
表,おもて,omote,,noun,position,"mặt trước, bề mặt; bên ngoài","front, surface, outside",Biểu,,jlpt-waller,
内,うち,uchi,,noun,position,bên trong; trong lúc,"inside, within",Nội,,jlpt-waller,
隅,すみ,sumi,,noun,position,góc (phòng),corner (inside),Ngung,,jlpt-waller,
周り,まわり,mawari,,noun,position,xung quanh,surroundings,Chu,,jlpt-waller,
裏,うら,ura,,noun,position,"mặt sau, phía sau","back, reverse side",Lý,,jlpt-waller,
遠く,とおく,tōku,tooku,noun,position,"nơi xa, đằng xa",far away,Viễn,,jlpt-waller,
間,あいだ,aida,,noun,position,giữa; trong khoảng,"between, during",Gian,,jlpt-waller,
向かう,むかう,mukau,,verb,position,"hướng tới, đi về phía","to face, to head for",Hướng,,jlpt-waller,
真ん中,まんなか,mannaka,,noun,position,chính giữa,"center, middle",Chân Trung,,jlpt-waller,
踏む,ふむ,fumu,,verb,verbs,"giẫm, đạp lên",to step on,Đạp,,jlpt-waller,
鳴る,なる,naru,,verb,verbs,"kêu, reo (chuông)","to ring, to sound",Minh,,jlpt-waller,
生きる,いきる,ikiru,,verb,verbs,sống,to live,Sinh,,jlpt-waller,
折る,おる,oru,,verb,verbs,bẻ gãy; gấp,"to break, to fold",Chiết,,jlpt-waller,
壊す,こわす,kowasu,,verb,verbs,"làm hỏng, phá vỡ","to break, to destroy",Hoại,,jlpt-waller,
拾う,ひろう,hirou,,verb,verbs,"nhặt, lượm",to pick up,Thập,,jlpt-waller,
比べる,くらべる,kuraberu,,verb,verbs,so sánh,to compare,Tỷ,,jlpt-waller,
建てる,たてる,tateru,,verb,verbs,xây dựng,to build,Kiến,,jlpt-waller,
注意,ちゅうい,chūi,chuui,noun,verbs,"chú ý, cẩn thận","caution, attention",Chú Ý,,jlpt-waller,
止める,やめる,yameru,,verb,verbs,"bỏ, thôi (việc, thói quen)","to quit, to give up",Chỉ,やめます,jlpt-waller,
壊れる,こわれる,kowareru,,verb,verbs,"bị hỏng, vỡ",to break (by itself),Hoại,,jlpt-waller,
揺れる,ゆれる,yureru,,verb,verbs,"rung, lắc","to shake, to sway",Dao,,jlpt-waller,
落ちる,おちる,ochiru,,verb,verbs,"rơi, rớt; thi trượt","to fall, to drop",Lạc,,jlpt-waller,
起こす,おこす,okosu,,verb,verbs,đánh thức; gây ra,"to wake (someone) up, to cause",Khởi,,jlpt-waller,
思う,おもう,omou,,verb,verbs,nghĩ,to think,Tư,思います,jlpt-waller,
迎える,むかえる,mukaeru,,verb,verbs,đón,"to welcome, to meet",Nghênh,迎えます,jlpt-waller,
触る,さわる,sawaru,,verb,verbs,"sờ, chạm",to touch,Xúc,触ります,jlpt-waller,
捕まえる,つかまえる,tsukamaeru,,verb,verbs,"bắt, tóm",to catch,Bộ,,jlpt-waller,
寄る,よる,yoru,,verb,verbs,ghé qua,to drop by,Kí,,jlpt-waller,
決まる,きまる,kimaru,,verb,verbs,được quyết định,to be decided,Quyết,,jlpt-waller,
開く,ひらく,hiraku,,verb,verbs,mở; tổ chức,"to open, to hold (an event)",Khai,,jlpt-waller,
逃げる,にげる,nigeru,,verb,verbs,chạy trốn,to run away,Đào,,jlpt-waller,
包む,つつむ,tsutsumu,,verb,verbs,"gói, bọc",to wrap,Bao,,jlpt-waller,
利用,りよう,riyō,riyou,noun,verbs,sử dụng,use,Lợi Dụng,,jlpt-waller,
飾る,かざる,kazaru,,verb,verbs,trang trí,to decorate,Sức,,jlpt-waller,
間違える,まちがえる,machigaeru,,verb,verbs,"nhầm, sai",to make a mistake,Gian Vi,,jlpt-waller,
足りる,たりる,tariru,,verb,verbs,đủ,to be enough,Túc,足ります,jlpt-waller,
行う,おこなう,okonau,,verb,verbs,"tiến hành, tổ chức",to carry out,Hành,,jlpt-waller,
無くなる,なくなる,nakunaru,,verb,verbs,"mất, hết","to be lost, to run out",Vô,,jlpt-waller,
準備,じゅんび,junbi,,noun,verbs,chuẩn bị,preparation,Chuẩn Bị,,jlpt-waller,
決める,きめる,kimeru,,verb,verbs,quyết định,to decide,Quyết,,jlpt-waller,
調べる,しらべる,shiraberu,,verb,verbs,"tìm hiểu, tra cứu","to look into, to look up",Điều,調べます,jlpt-waller,
始める,はじめる,hajimeru,,verb,verbs,bắt đầu,"to begin, to start",Thủy,始めます,jlpt-waller,
もらう,,morau,,verb,verbs,nhận,to receive,,もらいます,jlpt-waller,
残る,のこる,nokoru,,verb,verbs,còn lại,to remain,Tàn,,jlpt-waller,
立てる,たてる,tateru,,verb,verbs,"dựng lên, lập (kế hoạch)","to stand up, to make (a plan)",Lập,,jlpt-waller,
くれる,,kureru,,verb,verbs,cho (mình),to give (me),,くれます,jlpt-waller,
選ぶ,えらぶ,erabu,,verb,verbs,chọn,to choose,Tuyển,,jlpt-waller,
届ける,とどける,todokeru,,verb,verbs,"giao, chuyển đến",to deliver,Giới,,jlpt-waller,
思い出す,おもいだす,omoidasu,,verb,verbs,"nhớ ra, nhớ lại",to recall,Tư Xuất,思い出します,jlpt-waller,
塗る,ぬる,nuru,,verb,verbs,"sơn, quét, bôi","to paint, to spread",Đồ,,jlpt-waller,
用意,ようい,yōi,youi,noun,verbs,chuẩn bị sẵn,preparation,Dụng Ý,,jlpt-waller,
探す,さがす,sagasu,,verb,verbs,tìm kiếm,to look for,Thám,,jlpt-waller,
育てる,そだてる,sodateru,,verb,verbs,"nuôi nấng, nuôi dạy","to raise, to bring up",Dục,,jlpt-waller,
通う,かよう,kayou,,verb,verbs,"đi đi về về, đi lại (đi học, đi làm)",to commute,Thông,,jlpt-waller,
連れる,つれる,tsureru,,verb,verbs,dẫn theo,to take (someone) along,Liên,,jlpt-waller,
進む,すすむ,susumu,,verb,verbs,"tiến lên, tiến triển",to advance,Tiến,,jlpt-waller,
チェックする,,chekkusuru,,verb,verbs,kiểm tra,to check,,,jlpt-waller,
写す,うつす,utsusu,,verb,verbs,chép lại; chụp (ảnh),"to copy, to photograph",Tả,,jlpt-waller,
打つ,うつ,utsu,,verb,verbs,"đánh, đập; gõ","to hit, to type",Đả,,jlpt-waller,
変える,かえる,kaeru,,verb,verbs,"thay đổi, đổi",to change (something),Biến,変えます,jlpt-waller,
空く,あく,aku,,verb,verbs,"trống, rảnh (chỗ, thời gian)","to become empty, to be free",Không,,jlpt-waller,
変わる,かわる,kawaru,,verb,verbs,thay đổi (tự thay đổi),to change,Biến,,jlpt-waller,
済む,すむ,sumu,,verb,verbs,"xong, kết thúc",to be finished,Tế,,jlpt-waller,
支度,したく,shitaku,,noun,verbs,chuẩn bị (sửa soạn),preparation,Chi Độ,,jlpt-waller,
見える,みえる,mieru,,verb,verbs,"nhìn thấy, trông thấy",to be visible,Kiến,,jlpt-waller,
折れる,おれる,oreru,,verb,verbs,"bị gãy, gập","to break, to be folded",Chiết,,jlpt-waller,
滑る,すべる,suberu,,verb,verbs,"trượt, trơn","to slide, to slip",Hoạt,,jlpt-waller,
送る,おくる,okuru,,verb,verbs,gửi; tiễn,"to send, to see off",Tống,送ります,jlpt-waller,
あげる,,ageru,,verb,verbs,"cho, tặng",to give,,あげます,jlpt-waller,
見つける,みつける,mitsukeru,,verb,verbs,tìm thấy,to find,Kiến,,jlpt-waller,
下りる,おりる,oriru,,verb,verbs,đi xuống,"to go down, to get down",Hạ,,jlpt-waller,
似る,にる,niru,,verb,verbs,giống,to resemble,Tự,,jlpt-waller,
慣れる,なれる,nareru,,verb,verbs,quen (với),to get used to,Quán,,jlpt-waller,
手伝う,てつだう,tetsudau,,verb,verbs,giúp đỡ,to help,Thủ Truyền,手伝います,jlpt-waller,
運ぶ,はこぶ,hakobu,,verb,verbs,"vận chuyển, mang",to carry,Vận,,jlpt-waller,
下がる,さがる,sagaru,,verb,verbs,"hạ xuống, giảm","to go down, to drop",Hạ,,jlpt-waller,
合う,あう,au,,verb,verbs,"hợp, vừa; khớp","to fit, to match",Hợp,,jlpt-waller,
見つかる,みつかる,mitsukaru,,verb,verbs,được tìm thấy,to be found,Kiến,,jlpt-waller,
直る,なおる,naoru,,verb,verbs,"được sửa, hồi phục",to be fixed,Trực,,jlpt-waller,
集める,あつめる,atsumeru,,verb,verbs,"thu thập, tập hợp","to collect, to gather",Tập,集めます,jlpt-waller,
直す,なおす,naosu,,verb,verbs,sửa,"to fix, to correct",Trực,直します,jlpt-waller,
続く,つづく,tsuzuku,,verb,verbs,"tiếp tục, kéo dài",to continue,Tục,,jlpt-waller,
点く,つく,tsuku,,verb,verbs,"bật sáng, được bật",to be turned on,Điểm,,jlpt-waller,
続ける,つづける,tsuzukeru,,verb,verbs,tiếp tục (làm gì),to continue (something),Tục,,jlpt-waller,
落とす,おとす,otosu,,verb,verbs,"đánh rơi, làm rơi",to drop,Lạc,,jlpt-waller,
割れる,われる,wareru,,verb,verbs,vỡ,"to break, to crack",Cát,,jlpt-waller,
回る,まわる,mawaru,,verb,verbs,"quay, xoay; đi vòng quanh","to turn, to go around",Hồi,,jlpt-waller,
倒れる,たおれる,taoreru,,verb,verbs,"đổ, ngã",to fall down,Đảo,,jlpt-waller,
考える,かんがえる,kangaeru,,verb,verbs,"suy nghĩ, cân nhắc","to think, to consider",Khảo,考えます,jlpt-waller,
移る,うつる,utsuru,,verb,verbs,"chuyển (sang), di chuyển","to move, to transfer",Di,,jlpt-waller,
動く,うごく,ugoku,,verb,verbs,chuyển động,to move,Động,動きます,jlpt-waller,
取り替える,とりかえる,torikaeru,,verb,verbs,"thay, đổi","to replace, to exchange",Thủ Thế,,jlpt-waller,
急ぐ,いそぐ,isogu,,verb,verbs,"vội, khẩn trương",to hurry,Cấp,急ぎます,jlpt-waller,
戻る,もどる,modoru,,verb,verbs,quay lại,"to return, to come back",Lệ,,jlpt-waller,
訪ねる,たずねる,tazuneru,,verb,verbs,đến thăm,to visit,Phỏng,,jlpt-waller,
下げる,さげる,sageru,,verb,verbs,hạ xuống; treo,"to lower, to hang",Hạ,,jlpt-waller,
別れる,わかれる,wakareru,,verb,verbs,chia tay,"to part, to separate",Biệt,,jlpt-waller,
眠る,ねむる,nemuru,,verb,verbs,ngủ,to sleep,Miên,,jlpt-waller,
上がる,あがる,agaru,,verb,verbs,"đi lên, tăng lên","to go up, to rise",Thượng,,jlpt-waller,
集まる,あつまる,atsumaru,,verb,verbs,"tập trung, tụ tập",to gather,Tập,,jlpt-waller,
回す,まわす,mawasu,,verb,verbs,"xoay, quay (cái gì)",to turn (something),Hồi,,jlpt-waller,
別,べつ,betsu,,noun,adjectives,"khác, riêng","different, separate",Biệt,,jlpt-waller,
柔らかい,やわらかい,yawarakai,,adjective,adjectives,"mềm, mềm mại",soft,Nhu,,jlpt-waller,
だめ,,dame,,adjective,adjectives,"không được, hỏng","no good, useless",,,jlpt-waller,
複雑,ふくざつ,fukuzatsu,,adjective,adjectives,phức tạp,complicated,Phức Tạp,,jlpt-waller,
大事,だいじ,daiji,,adjective,adjectives,quan trọng; quý giá,"important, precious",Đại Sự,,jlpt-waller,
必要,ひつよう,hitsuyō,hitsuyou,adjective,adjectives,cần thiết,necessary,Tất Yếu,,jlpt-waller,
厳しい,きびしい,kibishii,,adjective,adjectives,nghiêm khắc; khắc nghiệt,"strict, severe",Nghiêm,,jlpt-waller,
深い,ふかい,fukai,,adjective,adjectives,sâu,deep,Thâm,,jlpt-waller,
盛ん,さかん,sakan,,adjective,adjectives,"thịnh vượng, sôi nổi","thriving, popular",Thịnh,,jlpt-waller,
浅い,あさい,asai,,adjective,adjectives,"nông, cạn",shallow,Thiển,,jlpt-waller,
丁寧,ていねい,teinei,,adjective,adjectives,lịch sự; cẩn thận,"polite, careful",Đinh Ninh,,jlpt-waller,
無理,むり,muri,,adjective,adjectives,"quá sức, không thể","impossible, unreasonable",Vô Lí,,jlpt-waller,
美しい,うつくしい,utsukushii,,adjective,adjectives,đẹp,beautiful,Mỹ,,jlpt-waller,
適当,てきとう,tekitō,tekitou,adjective,adjectives,thích hợp; tuỳ tiện,suitable; casual,Thích Đáng,,jlpt-waller,
おかしい,,okashii,,adjective,adjectives,kỳ lạ; buồn cười,"strange, funny",,,jlpt-waller,
変,へん,hen,,adjective,adjectives,"lạ, kỳ quặc","strange, odd",Biến,,jlpt-waller,
細かい,こまかい,komakai,,adjective,adjectives,"nhỏ, vụn; chi tiết","small, detailed",Tế,,jlpt-waller,
珍しい,めずらしい,mezurashii,,adjective,adjectives,"hiếm, lạ","rare, unusual",Trân,,jlpt-waller,
不便,ふべん,fuben,,adjective,adjectives,bất tiện,inconvenient,Bất Tiện,,jlpt-waller,
ひどい,,hidoi,,adjective,adjectives,"tồi tệ, quá đáng","terrible, cruel",,,jlpt-waller,
うまい,,umai,,adjective,adjectives,"ngon; giỏi, khéo",delicious; skillful,,,jlpt-waller,
正しい,ただしい,tadashii,,adjective,adjectives,"đúng, chính xác",correct,Chính,,jlpt-waller,
堅い,かたい,katai,,adjective,adjectives,"cứng, chắc","hard, firm",Kiên,,jlpt-waller,
危険,きけん,kiken,,adjective,adjectives,nguy hiểm,"danger, dangerous",Nguy Hiểm,,jlpt-waller,
普通,ふつう,futsū,futsuu,adjective,adjectives,"bình thường, thông thường","usual, ordinary",Phổ Thông,,jlpt-waller,
簡単,かんたん,kantan,,adjective,adjectives,"đơn giản, dễ","simple, easy",Giản Đơn,,jlpt-waller,
特別,とくべつ,tokubetsu,,adjective,adjectives,đặc biệt,special,Đặc Biệt,,jlpt-waller,
役に立つ,やくにたつ,yakunitatsu,,phrase,adjectives,có ích,to be useful,Dịch Lập,役に立ちます,jlpt-waller,
安全,あんぜん,anzen,,adjective,adjectives,an toàn,"safety, safe",An Toàn,,jlpt-waller,
急,きゅう,kyū,kyuu,adjective,adjectives,"gấp, đột ngột","sudden, urgent",Cấp,,jlpt-waller,
すっと,,sutto,,adverb,adverbs,nhẹ nhõm; nhanh gọn,"quickly, smoothly; refreshed",,,jlpt-waller,
大抵,たいてい,taitei,,adverb,adverbs,"thường thì, phần lớn","usually, mostly",Đại Để,,jlpt-waller,
とうとう,,tōtō,toutou,adverb,adverbs,"cuối cùng thì, rốt cuộc","finally, at last",,,jlpt-waller,
しっかり,,shikkari,,adverb,adverbs,"chắc chắn, vững vàng","firmly, steadily",,,jlpt-waller,
やはり,,yahari,,adverb,adverbs,"quả nhiên, đúng là","as expected, after all",,,jlpt-waller,
必ず,かならず,kanarazu,,adverb,adverbs,"nhất định, chắc chắn","surely, without fail",Tất,,jlpt-waller,
非常に,ひじょうに,hijōni,hijouni,adverb,adverbs,"cực kỳ, rất",extremely,Phi Thường,,jlpt-waller,
ほとんど,,hotondo,,adverb,adverbs,"hầu hết, gần như","almost, mostly",,,jlpt-waller,
一生懸命,いっしょうけんめい,isshōkenmei,isshoukenmei,adverb,adverbs,"hết sức, chăm chỉ",with all one's might,Nhất Sinh Huyền Mệnh,,jlpt-waller,
ちっとも,,chittomo,,adverb,adverbs,một chút cũng không,not at all,,,jlpt-waller,
できるだけ,,dekirudake,,adverb,adverbs,cố gắng hết mức có thể,as much as possible,,,jlpt-waller,
なるべく,,narubeku,,adverb,adverbs,cố gắng (nếu có thể),as much as possible,,,jlpt-waller,
やっと,,yatto,,adverb,adverbs,cuối cùng cũng,at last,,,jlpt-waller,
決して,けっして,kesshite,,adverb,adverbs,"nhất định không, tuyệt đối không",never,Quyết,,jlpt-waller,
どんどん,,dondon,,adverb,adverbs,"dồn dập, nhanh chóng","rapidly, steadily",,,jlpt-waller,
もちろん,,mochiron,,adverb,adverbs,tất nhiên,of course,,,jlpt-waller,
確か,たしか,tashika,,adverb,adverbs,chắc chắn; nếu tôi nhớ không lầm,certain; if I remember right,Xác,,jlpt-waller,
すっかり,,sukkari,,adverb,adverbs,hoàn toàn,completely,,,jlpt-waller,
はっきり,,hakkiri,,adverb,adverbs,rõ ràng,clearly,,,jlpt-waller,
中々,なかなか,nakanaka,,adverb,adverbs,khá là; mãi mà (không),quite; (not) easily,,,jlpt-waller,
随分,ずいぶん,zuibun,,adverb,adverbs,"khá, rất","very, considerably",Tùy Phân,,jlpt-waller,
特に,とくに,tokuni,,adverb,adverbs,đặc biệt là,especially,Đặc,,jlpt-waller,
是非,ぜひ,zehi,,adverb,adverbs,"nhất định, bằng mọi giá",by all means,Thị Phi,,jlpt-waller,
きっと,,kitto,,adverb,adverbs,chắc chắn,surely,,,jlpt-waller,
まず,,mazu,,adverb,adverbs,trước hết,first of all,,,jlpt-waller,
大体,だいたい,daitai,,adverb,adverbs,"đại khái, phần lớn","roughly, mostly",Đại Thể,,jlpt-waller,
それほど,,sorehodo,,adverb,adverbs,"đến mức đó, (không) đến nỗi",to that extent,,,jlpt-waller,
そんなに,,sonnani,,adverb,adverbs,"đến thế, như thế","so much, that much",,,jlpt-waller,
最も,もっとも,mottomo,,adverb,adverbs,nhất,most,Tối,,jlpt-waller,
全然,ぜんぜん,zenzen,,adverb,adverbs,hoàn toàn (không),not at all,Toàn Nhiên,,jlpt-waller,
大分,だいぶ,daibu,,adverb,adverbs,"khá, đáng kể",considerably,Đại Phân,,jlpt-waller,
たまに,,tamani,,adverb,adverbs,thỉnh thoảng,occasionally,,,jlpt-waller,
僕,ぼく,boku,,pronoun,function-words,"tớ, tôi (nam giới dùng)","I (male, casual)",Bộc,,jlpt-waller,
もし,,moshi,,adverb,function-words,nếu,if,,,jlpt-waller,
つもり,,tsumori,,noun,function-words,"dự định, ý định","intention, plan",,,jlpt-waller,
彼,かれ,kare,,pronoun,function-words,anh ấy; bạn trai,"he, boyfriend",Bỉ,,jlpt-waller,
すると,,suruto,,conjunction,function-words,"thế là, vừa … thì","then, and then",,,jlpt-waller,
それに,,soreni,,conjunction,function-words,"hơn nữa, thêm vào đó","besides, moreover",,,jlpt-waller,
だから,,dakara,,conjunction,function-words,"vì vậy, do đó","so, therefore",,,jlpt-waller,
そんな,,sonna,,determiner,function-words,như thế (đó),"such, like that",,,jlpt-waller,
～てしまう,,teshimau,,affix,function-words,"lỡ ~, ~ mất rồi",to end up ~ing,,,jlpt-waller,
または,,mataha,,conjunction,function-words,"hoặc, hay là",or,,,jlpt-waller,
～ばかり,,bakari,,affix,function-words,chỉ toàn ~; vừa mới ~,"only, just (did)",,,jlpt-waller,
～だす,,dasu,,affix,function-words,bắt đầu ~ (gắn sau động từ),to start ~ing,,,jlpt-waller,
はず,,hazu,,noun,function-words,"chắc chắn là, lẽ ra","should, expected",,,jlpt-waller,
皆,みな,mina,,pronoun,function-words,"mọi người, tất cả",everyone,Giai,,jlpt-waller,
彼ら,かれら,karera,,pronoun,function-words,"họ, bọn họ",they,Bỉ,,jlpt-waller,
あんな,,anna,,determiner,function-words,như thế kia,"such, like that",,,jlpt-waller,
～続ける,つづける,tsuzukeru,,affix,function-words,tiếp tục ~ (gắn sau động từ),to keep ~ing,Tục,,jlpt-waller,
例えば,たとえば,tatoeba,,adverb,function-words,ví dụ như,for example,Lệ,,jlpt-waller,
～やすい,,yasui,,affix,function-words,dễ ~ (gắn sau động từ),easy to ~,,,jlpt-waller,
こう,,kō,kou,adverb,function-words,như thế này,"like this, this way",,,jlpt-waller,
為,ため,tame,,noun,function-words,"vì, để (mục đích)","for, in order to",Vị,,jlpt-waller,
～始める,はじめる,hajimeru,,affix,function-words,bắt đầu ~ (gắn sau động từ),to start ~ing,Thủy,,jlpt-waller,
～まま,,mama,,affix,function-words,cứ để nguyên ~,as it is,,,jlpt-waller,
～によると,,niyoruto,,phrase,function-words,theo ~ (thì),according to ~,,,jlpt-waller,
彼女,かのじょ,kanojo,,pronoun,function-words,cô ấy; bạn gái,"she, girlfriend",Bỉ Nữ,,jlpt-waller,
それで,,sorede,,conjunction,function-words,"vì vậy, thế nên","and so, therefore",,,jlpt-waller,
～おわる,,owaru,,affix,function-words,làm xong ~ (gắn sau động từ),to finish ~ing,,,jlpt-waller,
様,よう,yō,you,noun,function-words,"cách, kiểu; giống như","way, manner, like",Dạng,,jlpt-waller,
御～,ご,go,,affix,function-words,tiền tố kính ngữ ご~,honorific prefix,Ngự,,jlpt-waller,
君,きみ,kimi,,pronoun,function-words,"cậu, em (thân mật)",you (casual),Quân,,jlpt-waller,
けれど,,keredo,,conjunction,function-words,nhưng,but,,,jlpt-waller,
～について,,nitsuite,,phrase,function-words,về ~,about ~,,,jlpt-waller,
～にくい,,nikui,,affix,function-words,khó ~ (gắn sau động từ),hard to ~,,,jlpt-waller,
機会,きかい,kikai,,noun,ideas,cơ hội,"chance, opportunity",Cơ Hội,,jlpt-waller,
場合,ばあい,bāi,baai,noun,ideas,trường hợp,"case, situation",Trường Hợp,,jlpt-waller,
線,せん,sen,,noun,ideas,"đường kẻ, tuyến",line,Tuyến,,jlpt-waller,
事,こと,koto,,noun,ideas,"việc, sự việc","thing, matter",Sự,,jlpt-waller,
原因,げんいん,gen'in,genin,noun,ideas,nguyên nhân,cause,Nguyên Nhân,,jlpt-waller,
形,かたち,katachi,,noun,ideas,hình dáng,shape,Hình,,jlpt-waller,
理由,りゆう,riyū,riyuu,noun,ideas,lý do,reason,Lý Do,,jlpt-waller,
訳,わけ,wake,,noun,ideas,"lý do, ý nghĩa","reason, meaning",Dịch,,jlpt-waller,
仕方,しかた,shikata,,noun,ideas,cách làm,way of doing,Sĩ Phương,,jlpt-waller,
代わり,かわり,kawari,,noun,ideas,"sự thay thế, thay vì","substitute, instead",Đại,,jlpt-waller,
失敗,しっぱい,shippai,,noun,ideas,thất bại,failure,Thất Bại,,jlpt-waller,
関係,かんけい,kankei,,noun,ideas,"quan hệ, liên quan",relationship,Quan Hệ,,jlpt-waller,
タイプ,,taipu,,noun,ideas,"kiểu, loại",type,,,jlpt-waller,
