text,article,plural,pos,category,meaning_vi,meaning_en,source,note
sich bedanken,,,verb,greetings,cảm ơn,to thank,goethe,
geehrt,,,adjective,greetings,kính gửi (trong thư),dear (in letters),goethe,
blond,,,adjective,people,tóc vàng,blond,goethe,
Freundin,die,Freundinnen,noun,people,bạn gái; bạn (nữ),girlfriend; (female) friend,goethe,
Nachbar,der,Nachbarn,noun,people,hàng xóm,neighbor,goethe,
Partnerin,die,Partnerinnen,noun,people,"bạn đời (nữ), đối tác (nữ)",(female) partner,goethe,
Person,die,Personen,noun,people,người,person,goethe,
Rentner,der,Rentner,noun,people,người về hưu,pensioner,goethe,
Paar,das,Paare,noun,family,"cặp, đôi","pair, couple",goethe,
Apotheke,die,Apotheken,noun,body-health,hiệu thuốc,pharmacy,goethe,
erkältet sein,,,verb,body-health,bị cảm lạnh,to have a cold,goethe,
fit sein,,,verb,body-health,"khoẻ mạnh, cân đối",to be fit,goethe,
Gesicht,das,Gesichter,noun,body-health,khuôn mặt,face,goethe,
gesund,,,adjective,body-health,khoẻ mạnh,healthy,goethe,
Gesundheit,die,,noun,body-health,sức khoẻ; chúc sức khoẻ! (khi hắt hơi),health; bless you!,goethe,
Grippe,die,,noun,body-health,bệnh cúm,flu,goethe,
Hals,der,Hälse,noun,body-health,"cổ, họng","neck, throat",goethe,
husten,,,verb,body-health,ho,to cough,goethe,
Körper,der,Körper,noun,body-health,cơ thể,body,goethe,
Krankenhaus,das,Krankenhäuser,noun,body-health,bệnh viện,hospital,goethe,
Krankenkasse,die,Krankenkassen,noun,body-health,quỹ bảo hiểm y tế,health insurance,goethe,
Krankheit,die,Krankheiten,noun,body-health,bệnh tật,illness,goethe,
Magen,der,Mägen,noun,body-health,dạ dày,stomach,goethe,
Medikament,das,Medikamente,noun,body-health,thuốc,medicine,goethe,
Mittel,das,Mittel,noun,body-health,phương tiện; thuốc,means; remedy,goethe,
Ohr,das,Ohren,noun,body-health,tai,ear,goethe,
Rücken,der,Rücken,noun,body-health,lưng,back,goethe,
schädlich,,,adjective,body-health,có hại,harmful,goethe,
Schmerz,der,Schmerzen,noun,body-health,cơn đau,pain,goethe,
schwach,,,adjective,body-health,yếu,weak,goethe,
schwanger,,,adjective,body-health,có thai,pregnant,goethe,
Sprechstunde,die,Sprechstunden,noun,body-health,"giờ khám bệnh, giờ tiếp",consulting hours,goethe,
Tablette,die,Tabletten,noun,body-health,viên thuốc,"tablet, pill",goethe,
untersuchen,,,verb,body-health,"khám (bệnh), kiểm tra",to examine,goethe,
sich verletzen,,,verb,body-health,"làm bị thương, bị thương","to injure, to get hurt",goethe,
wach,,,adjective,body-health,"tỉnh táo, thức",awake,goethe,
Zahn,der,Zähne,noun,body-health,răng,tooth,goethe,
Angst,die,Ängste,noun,feelings,nỗi sợ,fear,goethe,
sich ärgern,,,verb,feelings,"bực mình, tức giận",to be annoyed,goethe,
aufregend,,,adjective,feelings,"hồi hộp, thú vị",exciting,goethe,
sich beschweren,,,verb,feelings,"phàn nàn, khiếu nại",to complain,goethe,
blöd,,,adjective,feelings,"ngớ ngẩn, ngu ngốc",stupid,goethe,
dafür sein,,,verb,feelings,tán thành / phản đối,to be for / against,goethe,
dumm,,,adjective,feelings,ngu ngốc,stupid,goethe,
einverstanden sein,,,verb,feelings,đồng ý,to agree,goethe,
egal,,,adjective,feelings,"không quan trọng, sao cũng được",doesn't matter,goethe,
fantastisch,,,adjective,feelings,tuyệt vời,fantastic,goethe,
faul,,,adjective,feelings,lười,lazy,goethe,
fleißig,,,adjective,feelings,chăm chỉ,hard-working,goethe,
sich fühlen,,,verb,feelings,cảm thấy,to feel,goethe,
freundlich,,,adjective,feelings,thân thiện,friendly,goethe,
froh,,,adjective,feelings,vui mừng,glad,goethe,
hoffen,,,verb,feelings,hy vọng,to hope,goethe,
Interesse,das,Interessen,noun,feelings,"sở thích, sự quan tâm",interest,goethe,
sich interessieren,,,verb,feelings,"quan tâm, thích thú",to be interested in,goethe,
interessant,,,adjective,feelings,thú vị,interesting,goethe,
komisch,,,adjective,feelings,kỳ lạ; buồn cười,strange; funny,goethe,
langweilig,,,adjective,feelings,nhàm chán,boring,goethe,
leidtun,,,verb,feelings,lấy làm tiếc,to be sorry,goethe,
Lust,die,,noun,feelings,"hứng thú, muốn","desire, mood",goethe,
nervös,,,adjective,feelings,"hồi hộp, lo lắng",nervous,goethe,
nett,,,adjective,feelings,"dễ thương, tốt bụng",nice,goethe,
romantisch,,,adjective,feelings,lãng mạn,romantic,goethe,
schade,,,adjective,feelings,tiếc quá,a pity,goethe,
schimpfen,,,verb,feelings,"mắng, chửi",to scold,goethe,
spannend,,,adjective,feelings,"hấp dẫn, gay cấn",exciting,goethe,
Spaß,der,,noun,feelings,"niềm vui, sự thú vị",fun,goethe,
sich streiten,,,verb,feelings,cãi nhau,to argue,goethe,
streng,,,adjective,feelings,nghiêm khắc,strict,goethe,
super,,,adjective,feelings,tuyệt,great,goethe,
sympathisch,,,adjective,feelings,dễ mến,likeable,goethe,
toll,,,adjective,feelings,tuyệt vời,great,goethe,
träumen,,,verb,feelings,mơ,to dream,goethe,
traurig,,,adjective,feelings,buồn,sad,goethe,
sich verlieben,,,verb,feelings,phải lòng,to fall in love,goethe,
weinen,,,verb,feelings,khóc,to cry,goethe,
witzig,,,adjective,feelings,hài hước,funny,goethe,
Wunsch,der,Wünsche,noun,feelings,mong ước,wish,goethe,
wünschen,,,verb,feelings,"ước, chúc",to wish,goethe,
backen,,,verb,food,nướng (bánh),to bake,goethe,
Bohne,die,Bohnen,noun,food,hạt đậu,bean,goethe,
braten,,,verb,food,"rán, chiên",to fry,goethe,
Cafeteria,die,Cafeterias,noun,food,căng tin,cafeteria,goethe,
Eis,das,,noun,food,kem; nước đá,ice cream; ice,goethe,
fett,,,adjective,food,béo (nhiều mỡ),fatty,goethe,
frisch,,,adjective,food,tươi,fresh,goethe,
Gabel,die,Gabeln,noun,food,cái dĩa (nĩa),fork,goethe,
Gericht,das,Gerichte,noun,food,món ăn,dish,goethe,
Geschirr,das,,noun,food,bát đĩa,dishes,goethe,
Hamburger,der,Hamburger,noun,food,bánh hamburger,hamburger,goethe,
Käse,der,,noun,food,pho mát,cheese,goethe,
Löffel,der,Löffel,noun,food,cái thìa,spoon,goethe,
Messer,das,Messer,noun,food,con dao,knife,goethe,
Mineralwasser,das,,noun,food,nước khoáng,mineral water,goethe,
Mittagessen,das,Mittagessen,noun,food,bữa trưa,lunch,goethe,
Nudel,die,Nudeln,noun,food,"mì, nui",noodle,goethe,
Öl,das,Öle,noun,food,dầu (ăn),oil,goethe,
Orange,die,Orangen,noun,food,quả cam,orange,goethe,
Pizza,die,Pizzas,noun,food,bánh pizza,pizza,goethe,
Portion,die,Portionen,noun,food,"suất, phần ăn",portion,goethe,
probieren,,,verb,food,nếm thử; thử,to try,goethe,
Rezept,das,Rezepte,noun,food,công thức nấu ăn; đơn thuốc,recipe; prescription,goethe,
Rind,das,Rinder,noun,food,thịt bò; con bò,beef; cow,goethe,
sauer,,,adjective,food,chua; bực mình,sour; annoyed,goethe,
scharf,,,adjective,food,cay; sắc,spicy; sharp,goethe,
schneiden,,,verb,food,cắt,to cut,goethe,
Schokolade,die,,noun,food,sô-cô-la,chocolate,goethe,
Suppe,die,Suppen,noun,food,món súp,soup,goethe,
süß,,,adjective,food,ngọt; dễ thương,sweet,goethe,
Süßigkeiten,die,,noun,food,đồ ngọt,sweets,goethe,
Tasse,die,Tassen,noun,food,cái tách,cup,goethe,
Teller,der,Teller,noun,food,cái đĩa,plate,goethe,
Topf,der,Töpfe,noun,food,cái nồi,pot,goethe,
Torte,die,Torten,noun,food,bánh kem,cake (gateau),goethe,
Wurst,die,Würste,noun,food,xúc xích,sausage,goethe,
Zitrone,die,Zitronen,noun,food,quả chanh,lemon,goethe,
Zucker,der,,noun,food,đường (ăn),sugar,goethe,
Anzug,der,Anzüge,noun,clothing,bộ com-lê,suit,goethe,
Bluse,die,Blusen,noun,clothing,áo cánh nữ,blouse,goethe,
Brille,die,Brillen,noun,clothing,kính đeo mắt,glasses,goethe,
Creme,die,Cremes,noun,clothing,kem dưỡng,cream,goethe,
Hemd,das,Hemden,noun,clothing,áo sơ mi,shirt,goethe,
Hose,die,Hosen,noun,clothing,cái quần,trousers,goethe,
Jeans,die,,noun,clothing,quần jean,jeans,goethe,
Kette,die,Ketten,noun,clothing,dây chuyền,necklace,goethe,
Kleid,das,Kleider,noun,clothing,váy liền,dress,goethe,
Kosmetik,die,,noun,clothing,mỹ phẩm,cosmetics,goethe,
Mantel,der,Mäntel,noun,clothing,áo măng tô,coat,goethe,
Mode,die,Moden,noun,clothing,thời trang,fashion,goethe,
Mütze,die,Mützen,noun,clothing,mũ len,"cap, beanie",goethe,
Parfüm,das,Parfüms,noun,clothing,nước hoa,perfume,goethe,
passen,,,verb,clothing,vừa (cỡ); hợp,to fit; to suit,goethe,
Pullover,der,Pullover,noun,clothing,áo len,sweater,goethe,
Ring,der,Ringe,noun,clothing,chiếc nhẫn,ring,goethe,
Rock,der,Röcke,noun,clothing,chân váy,skirt,goethe,
Schirm,der,Schirme,noun,clothing,cái ô,umbrella,goethe,
Stiefel,der,Stiefel,noun,clothing,"ủng, bốt",boot,goethe,
tragen,,,verb,clothing,"mang, xách; mặc",to carry; to wear,goethe,
T-Shirt,das,T-Shirts,noun,clothing,áo phông,T-shirt,goethe,
sich umziehen,,,verb,clothing,thay quần áo,to get changed,goethe,
abschließen,,,verb,daily-life,khoá (cửa),to lock,goethe,
aufräumen,,,verb,daily-life,dọn dẹp,to tidy up,goethe,
sich ausruhen,,,verb,daily-life,nghỉ ngơi,to rest,goethe,
einziehen,,,verb,daily-life,dọn vào (nhà mới),to move in,goethe,
Erdgeschoss,das,Erdgeschosse,noun,daily-life,tầng trệt,ground floor,goethe,
Fenster,das,Fenster,noun,daily-life,cửa sổ,window,goethe,
Fernseher,der,Fernseher,noun,daily-life,"máy thu hình, tivi",television set,goethe,
Garage,die,Garagen,noun,daily-life,nhà để xe,garage,goethe,
Handtuch,das,Handtücher,noun,daily-life,khăn tắm,towel,goethe,
Haushalt,der,Haushalte,noun,daily-life,việc nhà; hộ gia đình,household,goethe,
Heizung,die,Heizungen,noun,daily-life,"lò sưởi, hệ thống sưởi",heating,goethe,
Keller,der,Keller,noun,daily-life,tầng hầm,cellar,goethe,
Lampe,die,Lampen,noun,daily-life,cái đèn,lamp,goethe,
Müll,der,,noun,daily-life,rác,rubbish,goethe,
putzen,,,verb,daily-life,"lau chùi, dọn dẹp",to clean,goethe,
Reinigung,die,Reinigungen,noun,daily-life,tiệm giặt khô,dry cleaner's,goethe,
renovieren,,,verb,daily-life,sửa sang (nhà),to renovate,goethe,
Schlafzimmer,das,Schlafzimmer,noun,daily-life,phòng ngủ,bedroom,goethe,
Seife,die,Seifen,noun,daily-life,xà phòng,soap,goethe,
Stockwerk,das,Stockwerke,noun,daily-life,tầng (nhà),floor (storey),goethe,
Stuhl,der,Stühle,noun,daily-life,cái ghế,chair,goethe,
Tür,die,Türen,noun,daily-life,cửa ra vào,door,goethe,
Umzug,der,Umzüge,noun,daily-life,việc chuyển nhà,move,goethe,
Wäsche,die,Wäschen,noun,daily-life,đồ giặt; việc giặt giũ,laundry,goethe,
wecken,,,verb,daily-life,đánh thức,to wake (someone),goethe,
Wohnzimmer,das,Wohnzimmer,noun,daily-life,phòng khách,living room,goethe,
Kirche,die,Kirchen,noun,places,nhà thờ,church,goethe,
Park,der,Parks,noun,places,công viên,park,goethe,
Rathaus,das,Rathäuser,noun,places,toà thị chính,town hall,goethe,
Zentrum,das,Zentren,noun,places,trung tâm,center,goethe,
Zoo,der,Zoos,noun,places,vườn thú,zoo,goethe,
Ampel,die,Ampeln,noun,transportation,đèn giao thông,traffic light,goethe,
auspacken,,,verb,transportation,dỡ đồ (hành lý),to unpack,goethe,
Baustelle,die,Baustellen,noun,transportation,công trường,construction site,goethe,
Brücke,die,Brücken,noun,transportation,cây cầu,bridge,goethe,
buchen,,,verb,transportation,"đặt (vé, phòng)",to book,goethe,
Fahrplan,der,Fahrpläne,noun,transportation,lịch chạy tàu xe,timetable,goethe,
Flug,der,Flüge,noun,transportation,chuyến bay,flight,goethe,
Führerschein,der,Führerscheine,noun,transportation,bằng lái xe,driving licence,goethe,
geradeaus,,,adverb,transportation,đi thẳng,straight ahead,goethe,
Jugendherberge,die,Jugendherbergen,noun,transportation,nhà nghỉ thanh niên,youth hostel,goethe,
Kreuzung,die,Kreuzungen,noun,transportation,ngã tư,crossroads,goethe,
Motor,der,Motoren,noun,transportation,động cơ,engine,goethe,
Motorroller,der,Motorroller,noun,transportation,xe tay ga,scooter,goethe,
packen,,,verb,transportation,"đóng gói, xếp (hành lý)",to pack,goethe,
parken,,,verb,transportation,đỗ xe,to park,goethe,
Reifen,der,Reifen,noun,transportation,lốp xe,tire,goethe,
reservieren,,,verb,transportation,đặt chỗ trước,to reserve,goethe,
Rucksack,der,Rucksäcke,noun,transportation,ba lô,backpack,goethe,
Schiff,das,Schiffe,noun,transportation,con tàu thuỷ,ship,goethe,
Stadtplan,der,Stadtpläne,noun,transportation,bản đồ thành phố,city map,goethe,
Tour,die,Touren,noun,transportation,chuyến tham quan,tour,goethe,
Tourist,der,Touristen,noun,transportation,khách du lịch,tourist,goethe,
umsteigen,,,verb,transportation,"chuyển tàu, đổi xe",to change (trains),goethe,
Unfall,der,Unfälle,noun,transportation,tai nạn,accident,goethe,
Unterkunft,die,Unterkünfte,noun,transportation,chỗ ở,accommodation,goethe,
unterwegs sein,,,verb,transportation,đang trên đường,to be on the way,goethe,
Verkehr,der,,noun,transportation,giao thông,traffic,goethe,
Verkehrsmittel,das,Verkehrsmittel,noun,transportation,phương tiện giao thông,means of transport,goethe,
verpassen,,,verb,transportation,"lỡ (tàu, xe)",to miss,goethe,
verreisen,,,verb,transportation,"đi xa, đi du lịch",to go away (on a trip),goethe,
Verspätung,die,Verspätungen,noun,transportation,sự chậm trễ,delay,goethe,
Wagen,der,Wagen,noun,transportation,xe hơi; toa,car; carriage,goethe,
Weg,der,Wege,noun,transportation,con đường,"way, path",goethe,
ausgeben,,,verb,shopping,tiêu (tiền),to spend (money),goethe,
Einkaufszentrum,das,Einkaufszentren,noun,shopping,trung tâm mua sắm,shopping center,goethe,
einpacken,,,verb,shopping,"gói, đóng gói","to pack, to wrap",goethe,
Ermäßigung,die,Ermäßigungen,noun,shopping,sự giảm giá,discount,goethe,
Flohmarkt,der,Flohmärkte,noun,shopping,chợ trời,flea market,goethe,
Geldbörse,die,Geldbörsen,noun,shopping,cái ví,wallet,goethe,
kostenlos,,,adjective,shopping,miễn phí,free of charge,goethe,
Kredit,der,Kredite,noun,shopping,khoản vay,loan,goethe,
leihen,,,verb,shopping,cho mượn; mượn,to lend; to borrow,goethe,
liefern,,,verb,shopping,giao hàng,to deliver,goethe,
Markt,der,Märkte,noun,shopping,chợ,market,goethe,
preiswert,,,adjective,shopping,"giá rẻ, đáng đồng tiền",inexpensive,goethe,
schenken,,,verb,shopping,tặng,to give (as a present),goethe,
Service,der,,noun,shopping,dịch vụ,service,goethe,
sparen,,,verb,shopping,tiết kiệm,to save (money),goethe,
Supermarkt,der,Supermärkte,noun,shopping,siêu thị,supermarket,goethe,
Taschengeld,das,,noun,shopping,tiền tiêu vặt,pocket money,goethe,
bestehen,,,verb,school,thi đỗ; tồn tại,to pass (an exam); to exist,goethe,
Bibliothek,die,Bibliotheken,noun,school,thư viện,library,goethe,
sich eintragen,,,verb,school,"điền tên, ghi danh","to enter, to sign up",goethe,
Fach,das,Fächer,noun,school,môn học; ngăn,subject; compartment,goethe,
Heft,das,Hefte,noun,school,quyển vở,notebook,goethe,
Kenntnisse,die,,noun,school,"kiến thức, hiểu biết",knowledge,goethe,
Note,die,Noten,noun,school,điểm số; nốt nhạc,grade; note,goethe,
rechnen,,,verb,school,tính toán,to calculate,goethe,
Schere,die,Scheren,noun,school,cái kéo,scissors,goethe,
Seite,die,Seiten,noun,school,"trang; mặt, phía",page; side,goethe,
Stift,der,Stifte,noun,school,bút,pen,goethe,
Stipendium,das,Stipendien,noun,school,học bổng,scholarship,goethe,
Tafel,die,Tafeln,noun,school,bảng (đen),blackboard,goethe,
üben,,,verb,school,luyện tập,to practice,goethe,
Universität,die,Universitäten,noun,school,trường đại học,university,goethe,
Zettel,der,Zettel,noun,school,mẩu giấy,slip of paper,goethe,
Zeugnis,das,Zeugnisse,noun,school,"học bạ, bằng cấp","report card, certificate",goethe,
Ausbildung,die,Ausbildungen,noun,work,đào tạo nghề,vocational training,goethe,
austragen,,,verb,work,"phát (báo, thư)",to deliver,goethe,
Babysitter,der,Babysitter,noun,work,người trông trẻ,babysitter,goethe,
sich bewerben,,,verb,work,nộp đơn xin việc,to apply,goethe,
Bewerbung,die,Bewerbungen,noun,work,đơn xin việc,application,goethe,
Büro,das,Büros,noun,work,văn phòng,office,goethe,
Erfahrung,die,Erfahrungen,noun,work,kinh nghiệm,experience,goethe,
Gehalt,das,Gehälter,noun,work,lương,salary,goethe,
herstellen,,,verb,work,sản xuất,to produce,goethe,
kündigen,,,verb,work,xin nghỉ việc; huỷ (hợp đồng),to quit; to cancel,goethe,
Messe,die,Messen,noun,work,hội chợ triển lãm,trade fair,goethe,
Mitarbeiter,der,Mitarbeiter,noun,work,nhân viên,employee,goethe,
Produkt,das,Produkte,noun,work,sản phẩm,product,goethe,
Projekt,das,Projekte,noun,work,dự án,project,goethe,
Stress,der,,noun,work,căng thẳng,stress,goethe,
stressig,,,adjective,work,"căng thẳng, áp lực",stressful,goethe,
Team,das,Teams,noun,work,"nhóm, đội",team,goethe,
vereinbaren,,,verb,work,"thoả thuận, hẹn",to arrange,goethe,
verschieben,,,verb,work,dời lại,to postpone,goethe,
Vertrag,der,Verträge,noun,work,hợp đồng,contract,goethe,
Werkstatt,die,Werkstätten,noun,work,xưởng sửa chữa,"workshop, garage",goethe,
Workshop,der,Workshops,noun,work,hội thảo,workshop,goethe,
ausgehen,,,verb,hobbies,đi chơi (buổi tối),to go out,goethe,
Ausstellung,die,Ausstellungen,noun,hobbies,cuộc triển lãm,exhibition,goethe,
Ball,der,Bälle,noun,hobbies,quả bóng,ball,goethe,
Band,die,Bands,noun,hobbies,ban nhạc,band,goethe,
Basketball,der,Basketbälle,noun,hobbies,bóng rổ,basketball,goethe,
basteln,,,verb,hobbies,làm đồ thủ công,to do handicrafts,goethe,
Club,der,Clubs,noun,hobbies,câu lạc bộ,club,goethe,
Comic,der,Comics,noun,hobbies,truyện tranh,comic,goethe,
Fan,der,Fans,noun,hobbies,người hâm mộ,fan,goethe,
Ferien,die,,noun,hobbies,kỳ nghỉ (học sinh),holidays,goethe,
Festival,das,Festivals,noun,hobbies,liên hoan (âm nhạc…),festival,goethe,
Fotoapparat,der,Fotoapparate,noun,hobbies,máy ảnh,camera,goethe,
fotografieren,,,verb,hobbies,chụp ảnh,to take photos,goethe,
Geschichte,die,Geschichten,noun,hobbies,câu chuyện; lịch sử,story; history,goethe,
Gitarre,die,Gitarren,noun,hobbies,đàn ghi-ta,guitar,goethe,
Instrument,das,Instrumente,noun,hobbies,nhạc cụ,instrument,goethe,
joggen,,,verb,hobbies,chạy bộ,to jog,goethe,
Kamera,die,Kameras,noun,hobbies,"máy quay, máy ảnh",camera,goethe,
Klavier,das,Klaviere,noun,hobbies,đàn piano,piano,goethe,
Konzert,das,Konzerte,noun,hobbies,buổi hoà nhạc,concert,goethe,
Krimi,der,Krimis,noun,hobbies,truyện/phim trinh thám,crime story,goethe,
Kunst,die,Künste,noun,hobbies,nghệ thuật,art,goethe,
malen,,,verb,hobbies,"vẽ, sơn",to paint,goethe,
Mannschaft,die,Mannschaften,noun,hobbies,đội (thể thao),team,goethe,
Museum,das,Museen,noun,hobbies,bảo tàng,museum,goethe,
Musik,die,,noun,hobbies,âm nhạc,music,goethe,
Poster,das,Poster,noun,hobbies,tranh áp phích,poster,goethe,
Quiz,das,,noun,hobbies,trò đố vui,quiz,goethe,
Rätsel,das,Rätsel,noun,hobbies,câu đố,"riddle, puzzle",goethe,
reiten,,,verb,hobbies,cưỡi ngựa,to ride (a horse),goethe,
Rundgang,der,Rundgänge,noun,hobbies,chuyến đi tham quan một vòng,tour,goethe,
sammeln,,,verb,hobbies,sưu tầm; thu gom,to collect,goethe,
Schloss,das,Schlösser,noun,hobbies,lâu đài; ổ khoá,castle; lock,goethe,
singen,,,verb,hobbies,hát,to sing,goethe,
Ski,der,Skier,noun,hobbies,ván trượt tuyết,ski,goethe,
spazieren gehen,,,verb,hobbies,đi dạo,to go for a walk,goethe,
Spaziergang,der,Spaziergänge,noun,hobbies,cuộc đi dạo,walk,goethe,
Spiel,das,Spiele,noun,hobbies,trò chơi; trận đấu,game; match,goethe,
sportlich,,,adjective,hobbies,giỏi thể thao,sporty,goethe,
Sportplatz,der,Sportplätze,noun,hobbies,sân thể thao,sports ground,goethe,
Star,der,Stars,noun,hobbies,ngôi sao (người nổi tiếng),star,goethe,
Tennis,das,,noun,hobbies,quần vợt,tennis,goethe,
Theater,das,Theater,noun,hobbies,nhà hát,theater,goethe,
trainieren,,,verb,hobbies,tập luyện,to train,goethe,
Training,das,Trainings,noun,hobbies,buổi tập,training,goethe,
unternehmen,,,verb,hobbies,làm (hoạt động gì đó),to do (an activity),goethe,
Volleyball,der,Volleybälle,noun,hobbies,bóng chuyền,volleyball,goethe,
Wettbewerb,der,Wettbewerbe,noun,hobbies,cuộc thi,competition,goethe,
zeichnen,,,verb,hobbies,vẽ (bằng bút),to draw,goethe,
Zelt,das,Zelte,noun,hobbies,cái lều,tent,goethe,
Zirkus,der,Zirkusse,noun,hobbies,rạp xiếc,circus,goethe,
Artikel,der,Artikel,noun,communication,mạo từ; bài báo; mặt hàng,article,goethe,
aussprechen,,,verb,communication,phát âm,to pronounce,goethe,
beantworten,,,verb,communication,trả lời (câu hỏi),to answer,goethe,
begründen,,,verb,communication,giải thích lý do,to give reasons for,goethe,
beraten,,,verb,communication,tư vấn,to advise,goethe,
berichten,,,verb,communication,"tường thuật, báo cáo",to report,goethe,
Bescheid,der,,noun,communication,tin báo (cho biết),"information, notice",goethe,
beschreiben,,,verb,communication,mô tả,to describe,goethe,
bestätigen,,,verb,communication,xác nhận,to confirm,goethe,
Blog,der,Blogs,noun,communication,blog,blog,goethe,
chatten,,,verb,communication,"nhắn tin, chat",to chat,goethe,
diskutieren,,,verb,communication,thảo luận,to discuss,goethe,
sich informieren,,,verb,communication,tìm hiểu thông tin,to find out about,goethe,
Interview,das,Interviews,noun,communication,cuộc phỏng vấn,interview,goethe,
Kontakt,der,Kontakte,noun,communication,sự liên lạc,contact,goethe,
Lüge,die,Lügen,noun,communication,lời nói dối,lie,goethe,
lügen,,,verb,communication,nói dối,to lie,goethe,
Mailbox,die,Mailboxen,noun,communication,hộp thư thoại,voicemail,goethe,
meinen,,,verb,communication,"cho rằng, có ý nói","to think, to mean",goethe,
Meinung,die,Meinungen,noun,communication,ý kiến,opinion,goethe,
Mobiltelefon,das,Mobiltelefone,noun,communication,điện thoại di động,mobile phone,goethe,
Nachricht,die,Nachrichten,noun,communication,tin tức; tin nhắn,news; message,goethe,
nennen,,,verb,communication,"gọi tên, đặt tên","to name, to call",goethe,
notieren,,,verb,communication,ghi chép,to note down,goethe,
Notiz,die,Notizen,noun,communication,ghi chú,note,goethe,
Paket,das,Pakete,noun,communication,bưu kiện,parcel,goethe,
Plakat,das,Plakate,noun,communication,áp phích,poster,goethe,
Postkarte,die,Postkarten,noun,communication,bưu thiếp,postcard,goethe,
Programm,das,Programme,noun,communication,chương trình,program,goethe,
Radio,das,Radios,noun,communication,"đài phát thanh, radio",radio,goethe,
raten,,,verb,communication,khuyên; đoán,to advise; to guess,goethe,
recht haben,,,verb,communication,"có lý, đúng",to be right,goethe,
reden,,,verb,communication,nói chuyện,to talk,goethe,
rufen,,,verb,communication,gọi,to call,goethe,
schriftlich,,,adjective,communication,bằng văn bản,written,goethe,
Sendung,die,Sendungen,noun,communication,chương trình phát sóng,"broadcast, show",goethe,
Tipp,der,Tipps,noun,communication,"lời khuyên, mẹo",tip,goethe,
Titel,der,Titel,noun,communication,tiêu đề,title,goethe,
übersetzen,,,verb,communication,dịch,to translate,goethe,
Übersetzung,die,Übersetzungen,noun,communication,bản dịch,translation,goethe,
sich unterhalten,,,verb,communication,trò chuyện,to talk,goethe,
Vorschlag,der,Vorschläge,noun,communication,"đề xuất, gợi ý",suggestion,goethe,
Witz,der,Witze,noun,communication,truyện cười,joke,goethe,
Zeitschrift,die,Zeitschriften,noun,communication,tạp chí,magazine,goethe,
zuhören,,,verb,communication,lắng nghe,to listen,goethe,
Berg,der,Berge,noun,nature,ngọn núi,mountain,goethe,
bewölkt,,,adjective,nature,nhiều mây,cloudy,goethe,
Wolke,die,Wolken,noun,nature,đám mây,cloud,goethe,
Blatt,das,Blätter,noun,nature,tờ giấy; chiếc lá,sheet; leaf,goethe,
Fluss,der,Flüsse,noun,nature,con sông,river,goethe,
Gewitter,das,Gewitter,noun,nature,cơn giông,thunderstorm,goethe,
heiß,,,adjective,nature,nóng,hot,goethe,
Himmel,der,,noun,nature,bầu trời,sky,goethe,
Insel,die,Inseln,noun,nature,hòn đảo,island,goethe,
kalt,,,adjective,nature,lạnh,cold,goethe,
kühl,,,adjective,nature,mát,cool,goethe,
Landschaft,die,Landschaften,noun,nature,phong cảnh,landscape,goethe,
Natur,die,,noun,nature,thiên nhiên,nature,goethe,
neblig,,,adjective,nature,có sương mù,foggy,goethe,
Pflanze,die,Pflanzen,noun,nature,"cây cối, thực vật",plant,goethe,
Rose,die,Rosen,noun,nature,hoa hồng,rose,goethe,
Ruhe,die,,noun,nature,sự yên tĩnh,"quiet, peace",goethe,
Schnee,der,,noun,nature,tuyết,snow,goethe,
schneien,,,verb,nature,tuyết rơi,to snow,goethe,
See,die,,noun,nature,biển,sea,goethe,
sonnig,,,adjective,nature,nắng,sunny,goethe,
Strand,der,Strände,noun,nature,bãi biển,beach,goethe,
trocken,,,adjective,nature,khô,dry,goethe,
Wald,der,Wälder,noun,nature,khu rừng,forest,goethe,
warm,,,adjective,nature,ấm,warm,goethe,
windig,,,adjective,nature,có gió,windy,goethe,
Katze,die,Katzen,noun,animals,con mèo,cat,goethe,
Pferd,das,Pferde,noun,animals,con ngựa,horse,goethe,
Schwein,das,Schweine,noun,animals,con lợn; thịt lợn,pig; pork,goethe,
Tier,das,Tiere,noun,animals,con vật,animal,goethe,
Vogel,der,Vögel,noun,animals,con chim,bird,goethe,
Besuch,der,Besuche,noun,society,chuyến thăm; khách đến thăm,visit; visitors,goethe,
erlaubt sein,,,verb,society,được phép,to be allowed,goethe,
Erlaubnis,die,,noun,society,"sự cho phép, giấy phép",permission,goethe,
Feier,die,Feiern,noun,society,"buổi lễ, bữa tiệc",celebration,goethe,
Fest,das,Feste,noun,society,lễ hội,"festival, celebration",goethe,
Fundsachen,die,,noun,society,đồ thất lạc (được tìm thấy),lost property,goethe,
Kultur,die,Kulturen,noun,society,văn hoá,culture,goethe,
stattfinden,,,verb,society,diễn ra,to take place,goethe,
teilnehmen,,,verb,society,tham gia,to take part,goethe,
verabredet sein,,,verb,society,có hẹn,to have an appointment,goethe,
Veranstaltung,die,Veranstaltungen,noun,society,sự kiện,event,goethe,
verbieten,,,verb,society,cấm,to forbid,goethe,
Apparat,der,Apparate,noun,science-tech,"thiết bị, máy","device, appliance",goethe,
Datei,die,Dateien,noun,science-tech,tập tin (máy tính),file,goethe,
E-Book,das,E-Books,noun,science-tech,sách điện tử,e-book,goethe,
Gerät,das,Geräte,noun,science-tech,thiết bị,device,goethe,
herunterladen,,,verb,science-tech,tải xuống,to download,goethe,
Homepage,die,Homepages,noun,science-tech,trang chủ (website),homepage,goethe,
Laptop,der,Laptops,noun,science-tech,máy tính xách tay,laptop,goethe,
Link,der,Links,noun,science-tech,đường dẫn (link),link,goethe,
online,,,adverb,science-tech,trực tuyến,online,goethe,
Passwort,das,Passwörter,noun,science-tech,mật khẩu,password,goethe,
speichern,,,verb,science-tech,lưu (dữ liệu),to save (data),goethe,
surfen,,,verb,science-tech,lướt (web); lướt sóng,to surf,goethe,
Tablet,das,Tablets,noun,science-tech,máy tính bảng,tablet,goethe,
Webseite,die,Webseiten,noun,science-tech,trang web,website,goethe,
Hauptstadt,die,Hauptstädte,noun,countries,thủ đô,capital,goethe,
damals,,,adverb,time,"hồi đó, khi ấy",back then,goethe,
endlich,,,adverb,time,cuối cùng (thì),finally,goethe,
erst,,,adverb,time,mới (chỉ); trước tiên,only (not until); first,goethe,
früh,,,adjective,time,sớm,early,goethe,
Kalender,der,Kalender,noun,time,lịch,calendar,goethe,
übermorgen,,,adverb,time,ngày kia,the day after tomorrow,goethe,
vorgestern,,,adverb,time,hôm kia,the day before yesterday,goethe,
vorher,,,adverb,time,trước đó,"before, beforehand",goethe,
zuerst,,,adverb,time,trước tiên,first,goethe,
zuletzt,,,adverb,time,"lần cuối, cuối cùng","last, finally",goethe,
einige,,,determiner,numbers,một vài,"some, a few",goethe,
genug,,,adverb,numbers,đủ,enough,goethe,
manche,,,determiner,numbers,một số,some,goethe,
Menge,die,Mengen,noun,numbers,"lượng, số lượng; đám đông",amount; crowd,goethe,
mindestens,,,adverb,numbers,ít nhất,at least,goethe,
ein paar,,,determiner,numbers,một vài,a few,goethe,
Reihe,die,Reihen,noun,numbers,"hàng, dãy; lượt",row; turn,goethe,
Rest,der,Reste,noun,numbers,phần còn lại,rest,goethe,
Stück,das,Stücke,noun,numbers,"miếng, mẩu; vở kịch",piece; play,goethe,
Zahl,die,Zahlen,noun,numbers,con số,number,goethe,
bunt,,,adjective,colors,"sặc sỡ, nhiều màu",colorful,goethe,
außerhalb,,,adverb,position,bên ngoài (thành phố…),outside of,goethe,
drinnen,,,adverb,position,bên trong,inside,goethe,
drüben,,,adverb,position,ở bên kia,over there,goethe,
gegenüber,,,preposition,position,đối diện,opposite,goethe,
her,,,adverb,position,lại đây (về phía người nói),here (towards the speaker),goethe,
heraus,,,adverb,position,ra ngoài,out,goethe,
herein,,,adverb,position,vào trong,in,goethe,
hin,,,adverb,position,đến đó (rời xa người nói),there (away from the speaker),goethe,
hinter,,,preposition,position,phía sau,behind,goethe,
Nähe,die,,noun,position,"vùng lân cận, gần",vicinity,goethe,
neben,,,preposition,position,bên cạnh,next to,goethe,
nebenan,,,adverb,position,ở ngay bên cạnh,next door,goethe,
überall,,,adverb,position,ở khắp nơi,everywhere,goethe,
vorbei,,,adverb,position,"qua, ngang qua; đã qua","past, over",goethe,
vorne,,,adverb,position,phía trước,at the front,goethe,
vorwärts,,,adverb,position,về phía trước,forward,goethe,
weg,,,adverb,position,"đi mất, đi khỏi","away, gone",goethe,
ändern,,,verb,verbs,thay đổi,to change,goethe,
ansehen,,,verb,verbs,"xem, ngắm",to look at,goethe,
aufhören,,,verb,verbs,"dừng, thôi (làm gì)",to stop,goethe,
aufmachen,,,verb,verbs,mở ra,to open,goethe,
aufpassen,,,verb,verbs,"chú ý, trông chừng","to pay attention, to look after",goethe,
bauen,,,verb,verbs,xây dựng,to build,goethe,
sich beeilen,,,verb,verbs,"vội vàng, nhanh lên",to hurry,goethe,
beenden,,,verb,verbs,kết thúc,"to end, to finish",goethe,
denken,,,verb,verbs,nghĩ,to think,goethe,
sich erinnern,,,verb,verbs,"nhớ lại, nhớ (về)",to remember,goethe,
erreichen,,,verb,verbs,đạt được; kịp (tàu); liên lạc được,to reach; to catch,goethe,
fallen,,,verb,verbs,"rơi, ngã",to fall,goethe,
hängen,,,verb,verbs,treo,to hang,goethe,
klappen,,,verb,verbs,"thành công, ổn thoả",to work out,goethe,
kontrollieren,,,verb,verbs,kiểm tra,to check,goethe,
lassen,,,verb,verbs,"để; để cho, cho phép","to let, to leave",goethe,
merken,,,verb,verbs,nhận ra; ghi nhớ,to notice; to remember,goethe,
organisieren,,,verb,verbs,tổ chức,to organize,goethe,
passieren,,,verb,verbs,xảy ra,to happen,goethe,
planen,,,verb,verbs,lên kế hoạch,to plan,goethe,
prüfen,,,verb,verbs,kiểm tra,to check,goethe,
schaffen,,,verb,verbs,"làm được, xoay xở được",to manage,goethe,
sich setzen,,,verb,verbs,ngồi xuống,to sit down,goethe,
sterben,,,verb,verbs,chết,to die,goethe,
stören,,,verb,verbs,làm phiền,to disturb,goethe,
tauschen,,,verb,verbs,"trao đổi, đổi",to exchange,goethe,
teilen,,,verb,verbs,"chia sẻ, chia",to share,goethe,
vergessen,,,verb,verbs,quên,to forget,goethe,
vergleichen,,,verb,verbs,so sánh,to compare,goethe,
verlieren,,,verb,verbs,đánh mất; thua,to lose,goethe,
versuchen,,,verb,verbs,"thử, cố gắng",to try,goethe,
vorbereiten,,,verb,verbs,chuẩn bị,to prepare,goethe,
wählen,,,verb,verbs,chọn; bầu; quay số,to choose; to vote; to dial,goethe,
wechseln,,,verb,verbs,"thay, đổi",to change,goethe,
zeigen,,,verb,verbs,"chỉ, cho xem",to show,goethe,
zumachen,,,verb,verbs,đóng lại,to close,goethe,
aktiv,,,adjective,adjectives,"năng động, tích cực",active,goethe,
aktuell,,,adjective,adjectives,"hiện tại, mới nhất",current,goethe,
anders,,,adverb,adjectives,"khác, theo cách khác",differently,goethe,
beliebt,,,adjective,adjectives,được yêu thích,popular,goethe,
bequem,,,adjective,adjectives,"thoải mái, tiện nghi",comfortable,goethe,
berühmt,,,adjective,adjectives,nổi tiếng,famous,goethe,
deutlich,,,adjective,adjectives,rõ ràng,clear,goethe,
dick,,,adjective,adjectives,"béo, dày","fat, thick",goethe,
direkt,,,adjective,adjectives,"trực tiếp, thẳng",direct,goethe,
dringend,,,adjective,adjectives,khẩn cấp,urgent,goethe,
dunkel,,,adjective,adjectives,tối,dark,goethe,
dünn,,,adjective,adjectives,"mỏng, gầy",thin,goethe,
echt,,,adjective,adjectives,"thật, chính hiệu","real, genuine",goethe,
einzeln,,,adjective,adjectives,"riêng lẻ, từng","single, individual",goethe,
eigene,,,adjective,adjectives,riêng (của mình),own,goethe,
eng,,,adjective,adjectives,"chật, hẹp","tight, narrow",goethe,
freiwillig,,,adjective,adjectives,tự nguyện,voluntary,goethe,
furchtbar,,,adjective,adjectives,khủng khiếp,terrible,goethe,
gefährlich,,,adjective,adjectives,nguy hiểm,dangerous,goethe,
genau,,,adjective,adjectives,chính xác,exact,goethe,
hart,,,adjective,adjectives,cứng; vất vả,hard,goethe,
hässlich,,,adjective,adjectives,xấu xí,ugly,goethe,
intelligent,,,adjective,adjectives,thông minh,intelligent,goethe,
klug,,,adjective,adjectives,"thông minh, khôn",clever,goethe,
leer,,,adjective,adjectives,trống rỗng,empty,goethe,
modern,,,adjective,adjectives,hiện đại,modern,goethe,
nass,,,adjective,adjectives,ướt,wet,goethe,
notwendig,,,adjective,adjectives,cần thiết,necessary,goethe,
nützlich,,,adjective,adjectives,có ích,useful,goethe,
offen,,,adjective,adjectives,mở,open,goethe,
praktisch,,,adjective,adjectives,"tiện dụng, thực tế",practical,goethe,
privat,,,adjective,adjectives,riêng tư,private,goethe,
reich,,,adjective,adjectives,giàu,rich,goethe,
rund,,,adjective,adjectives,tròn,round,goethe,
sauber,,,adjective,adjectives,sạch,clean,goethe,
schlimm,,,adjective,adjectives,"tồi tệ, nghiêm trọng","bad, serious",goethe,
schmutzig,,,adjective,adjectives,bẩn,dirty,goethe,
schrecklich,,,adjective,adjectives,khủng khiếp,terrible,goethe,
schwierig,,,adjective,adjectives,khó,difficult,goethe,
sicher,,,adjective,adjectives,an toàn; chắc chắn,safe; sure,goethe,
stark,,,adjective,adjectives,mạnh,strong,goethe,
tief,,,adjective,adjectives,sâu,deep,goethe,
typisch,,,adjective,adjectives,điển hình,typical,goethe,
verschieden,,,adjective,adjectives,khác nhau,different,goethe,
voll,,,adjective,adjectives,đầy,full,goethe,
vorsichtig,,,adjective,adjectives,cẩn thận,careful,goethe,
wahr,,,adjective,adjectives,"đúng, thật",true,goethe,
weich,,,adjective,adjectives,mềm,soft,goethe,
besonders,,,adverb,adverbs,đặc biệt,especially,goethe,
eigentlich,,,adverb,adverbs,thật ra,actually,goethe,
fast,,,adverb,adverbs,"gần như, suýt",almost,goethe,
ganz,,,adverb,adverbs,hoàn toàn; khá,completely; quite,goethe,
hoffentlich,,,adverb,adverbs,hy vọng là,hopefully,goethe,
manchmal,,,adverb,adverbs,đôi khi,sometimes,goethe,
meistens,,,adverb,adverbs,"thường thì, phần lớn",mostly,goethe,
natürlich,,,adverb,adverbs,tất nhiên; tự nhiên,of course; natural,goethe,
plötzlich,,,adverb,adverbs,đột nhiên,suddenly,goethe,
sogar,,,adverb,adverbs,thậm chí,even,goethe,
total,,,adverb,adverbs,hoàn toàn,totally,goethe,
unbedingt,,,adverb,adverbs,"nhất định, bằng mọi giá",absolutely,goethe,
wahrscheinlich,,,adverb,adverbs,có lẽ,probably,goethe,
wenigstens,,,adverb,adverbs,"ít ra, ít nhất",at least,goethe,
wieder,,,adverb,adverbs,"lại, lần nữa",again,goethe,
wirklich,,,adverb,adverbs,thật sự,really,goethe,
als,,,conjunction,function-words,hơn (so sánh); khi (quá khứ); với tư cách là,than; when; as,goethe,
auf jeden Fall,,,phrase,function-words,nhất định / nhất định không,in any case / in no case,goethe,
außer,,,preposition,function-words,ngoại trừ,except,goethe,
außerdem,,,adverb,function-words,ngoài ra,"besides, in addition",goethe,
dabei,,,adverb,function-words,"cùng, theo bên mình","with it, there",goethe,
dass,,,conjunction,function-words,rằng,that,goethe,
deshalb,,,adverb,function-words,vì vậy,therefore,goethe,
doch,,,adverb,function-words,có chứ (phủ định câu hỏi phủ định); mà,yes (after a negative); after all,goethe,
etwas,,,pronoun,function-words,cái gì đó; một chút,something; a little,goethe,
jemand,,,pronoun,function-words,ai đó,somebody,goethe,
mal,,,adverb,function-words,lần; nhé (làm mềm câu),time; just,goethe,
niemand,,,pronoun,function-words,không ai,nobody,goethe,
nirgends,,,adverb,function-words,không nơi nào,nowhere,goethe,
pro,,,preposition,function-words,"mỗi, trên (mỗi)",per,goethe,
selbst,,,pronoun,function-words,tự mình,"oneself, myself",goethe,
sonst,,,adverb,function-words,ngoài ra; nếu không thì,otherwise; else,goethe,
wegen,,,preposition,function-words,"vì, do",because of,goethe,
weil,,,conjunction,function-words,bởi vì,because,goethe,
wenn,,,conjunction,function-words,nếu; khi,if; when,goethe,
Ahnung,die,Ahnungen,noun,ideas,"linh cảm, ý niệm (có biết hay không)","idea, clue",goethe,
Ding,das,Dinge,noun,ideas,"đồ vật, thứ",thing,goethe,
Gegenteil,das,Gegenteile,noun,ideas,điều ngược lại,opposite,goethe,
Idee,die,Ideen,noun,ideas,ý tưởng,idea,goethe,
Qualität,die,Qualitäten,noun,ideas,chất lượng,quality,goethe,
Sache,die,Sachen,noun,ideas,đồ đạc; việc,thing; matter,goethe,
Situation,die,Situationen,noun,ideas,tình huống,situation,goethe,
Traum,der,Träume,noun,ideas,giấc mơ; ước mơ,dream,goethe,
Unterschied,der,Unterschiede,noun,ideas,sự khác biệt,difference,goethe,
Ziel,das,Ziele,noun,ideas,mục tiêu; đích,goal; destination,goethe,
